model_name,model_family,role,repeat_seed,fold,n_train,n_val,n_val_ati,feature_count,log_loss,roc_auc,best_iteration,trees_used
xgb_fs1,xgb,base,42,1,340,86,40,6595,0.5181079570620273,0.8271739130434783,580.0,581.0
xgb_fs2,xgb,base,42,1,340,86,40,1027,0.5551665885420204,0.7880434782608695,231.0,232.0
xgb_fs3,xgb,base,42,1,340,86,40,189,0.5747512605072621,0.7663043478260871,123.0,124.0
elastic_fs2,elastic_net,base,42,1,340,86,40,515,0.5626818668915653,0.778804347826087,,
egfr_only_lr,elastic_net,diagnostic,42,1,340,86,40,1,0.5787989703981209,0.7576086956521739,,
clinical_lr,elastic_net,diagnostic,42,1,340,86,40,3,0.5819881444179491,0.7605978260869566,,
clinical_no_egfr_lr,elastic_net,diagnostic,42,1,340,86,40,2,0.694645198231992,0.5309782608695652,,
xgb_fs1,xgb,base,42,2,341,85,40,6595,0.6429395166382013,0.6622222222222223,90.0,91.0
xgb_fs2,xgb,base,42,2,341,85,40,1027,0.6583701496362744,0.623888888888889,65.0,66.0
xgb_fs3,xgb,base,42,2,341,85,40,182,0.6432092764730833,0.6744444444444444,73.0,74.0
elastic_fs2,elastic_net,base,42,2,341,85,40,515,0.6561601084148284,0.6638888888888889,,
egfr_only_lr,elastic_net,diagnostic,42,2,341,85,40,1,0.6506934103064694,0.6825000000000001,,
clinical_lr,elastic_net,diagnostic,42,2,341,85,40,3,0.6488605119101712,0.6825000000000001,,
clinical_no_egfr_lr,elastic_net,diagnostic,42,2,341,85,40,2,0.6891086778987614,0.5602777777777778,,
xgb_fs1,xgb,base,42,3,341,85,40,6595,0.5784975281803556,0.7722222222222223,147.0,148.0
xgb_fs2,xgb,base,42,3,341,85,40,1027,0.5880917496978819,0.7533333333333333,207.0,208.0
xgb_fs3,xgb,base,42,3,341,85,40,179,0.5839078707131686,0.7683333333333334,125.0,126.0
elastic_fs2,elastic_net,base,42,3,341,85,40,515,0.5760452266363966,0.7622222222222222,,
egfr_only_lr,elastic_net,diagnostic,42,3,341,85,40,1,0.6347865059788863,0.6969444444444444,,
clinical_lr,elastic_net,diagnostic,42,3,341,85,40,3,0.6339948728015512,0.6969444444444444,,
clinical_no_egfr_lr,elastic_net,diagnostic,42,3,341,85,40,2,0.6874673851487784,0.6077777777777778,,
xgb_fs1,xgb,base,42,4,341,85,40,6595,0.5609307068915348,0.7805555555555557,332.0,333.0
xgb_fs2,xgb,base,42,4,341,85,40,1027,0.5526629057609892,0.785,121.0,122.0
xgb_fs3,xgb,base,42,4,341,85,40,164,0.5721785374073285,0.7572222222222222,126.0,127.0
elastic_fs2,elastic_net,base,42,4,341,85,40,515,0.5778393806852857,0.7544444444444445,,
egfr_only_lr,elastic_net,diagnostic,42,4,341,85,40,1,0.6380076868973619,0.7116666666666667,,
clinical_lr,elastic_net,diagnostic,42,4,341,85,40,3,0.6389978102240377,0.7116666666666667,,
clinical_no_egfr_lr,elastic_net,diagnostic,42,4,341,85,40,2,0.6917429588310019,0.5,,
xgb_fs1,xgb,base,42,5,341,85,40,6595,0.5626787340426305,0.7772222222222224,227.0,228.0
xgb_fs2,xgb,base,42,5,341,85,40,1027,0.5526552477118466,0.7933333333333333,312.0,313.0
xgb_fs3,xgb,base,42,5,341,85,40,189,0.5452221966617267,0.8011111111111111,201.0,202.0
elastic_fs2,elastic_net,base,42,5,341,85,40,515,0.54773804874496,0.8027777777777778,,
egfr_only_lr,elastic_net,diagnostic,42,5,341,85,40,1,0.5783620471966069,0.7791666666666667,,
clinical_lr,elastic_net,diagnostic,42,5,341,85,40,3,0.5785138436417678,0.7802777777777778,,
clinical_no_egfr_lr,elastic_net,diagnostic,42,5,341,85,40,2,0.6812522899419597,0.5955555555555556,,
