sample_id,y_true,clinical_lr,clinical_no_egfr_lr,egfr_only_lr,elastic_fs2,xgb_fs1,xgb_fs2,xgb_fs3
bkbc_0,1,0.6584846765382373,0.47540929481060307,0.7167996373497582,0.9651251765956828,0.8709210753440857,0.9223695397377014,0.858877956867218
bkbc_1,1,0.6991260417624631,0.3557303995235857,0.7307180675934027,0.9417967128427693,0.8916481733322144,0.8801498413085938,0.8189549446105957
bkbc_10,0,0.14464676962976905,0.4525588478065164,0.08171357121346236,0.21095370746238074,0.3403717577457428,0.2843529284000397,0.27181386947631836
bkbc_100,1,0.6493276063833294,0.4925141029030664,0.6684853258745016,0.6642694183284413,0.7829111218452454,0.7424024939537048,0.7137850522994995
bkbc_101,0,0.4411668284522884,0.5223623093152875,0.42234452022143515,0.3657921450927928,0.21400344371795654,0.22190356254577637,0.31565067172050476
bkbc_102,0,0.25688378627262515,0.45736741736583564,0.25346510635907343,0.49231693053413195,0.25515371561050415,0.34747084975242615,0.37214353680610657
bkbc_103,0,0.47561393675511066,0.5223623093152875,0.4589195523720967,0.43021486041042745,0.2966184616088867,0.37787625193595886,0.41857069730758667
bkbc_104,0,0.262407824744655,0.557373316173227,0.23519756750158344,0.3036287596969301,0.18665651977062225,0.16892917454242706,0.2318350225687027
bkbc_105,1,0.6632815970576331,0.4578408823154017,0.7323262097415059,0.8113911647128315,0.8869502544403076,0.8418747186660767,0.8556211590766907
bkbc_106,1,0.5045456717124623,0.48114182163501945,0.5126212895007705,0.5626773943335659,0.6096850633621216,0.5903455018997192,0.5932773351669312
bkbc_107,1,0.5932129930492704,0.47540929481060307,0.6328476695391207,0.6474737706277545,0.7268068194389343,0.7699214816093445,0.695644199848175
bkbc_108,0,0.5110940168253566,0.47061693343894995,0.5126487568763135,0.46747551756566386,0.3798442482948303,0.4836466908454895,0.44176140427589417
bkbc_109,0,0.389800809712994,0.4578408823154017,0.3512167078098203,0.23133804657338153,0.19479914009571075,0.2425447404384613,0.21611067652702332
bkbc_11,1,0.6210405606364067,0.4811300863361937,0.6282782065401722,0.6402605063286486,0.7357057332992554,0.6725887656211853,0.7685431241989136
bkbc_110,1,0.6811102845553956,0.4261813911523557,0.6817558928990931,0.6798245295460882,0.7304724454879761,0.8170934319496155,0.8519256711006165
bkbc_111,1,0.5500766843080478,0.4520254889897111,0.5453056735664209,0.3579287885706796,0.36538583040237427,0.2671121656894684,0.307388573884964
bkbc_112,1,0.615738860687756,0.4578408823154017,0.6702749972690504,0.8911464648971044,0.8768957257270813,0.861332356929779,0.8394808173179626
bkbc_113,1,0.4746441826940257,0.47540929481060307,0.47149183795118227,0.4976459513500738,0.6775333285331726,0.6812878847122192,0.5144719481468201
bkbc_114,1,0.08202810478410608,0.44967782591470196,0.07284953878350812,0.1795625462429785,0.23146381974220276,0.2761078178882599,0.24131479859352112
bkbc_115,0,0.4064273551079724,0.4392701058460849,0.4023387460785007,0.24738813765070633,0.2513495087623596,0.2802484631538391,0.24053294956684113
bkbc_116,1,0.6548474713785428,0.4578408823154017,0.7216080155221087,0.663442133941193,0.7535834908485413,0.6850211024284363,0.5545986294746399
bkbc_117,1,0.5294478302481321,0.48114182163501945,0.5467892437810106,0.4208332807641541,0.33083492517471313,0.22869940102100372,0.4789556860923767
bkbc_118,0,0.6133060680707072,0.4568271319924765,0.6171758863088528,0.6460850105456479,0.7449989318847656,0.7307156324386597,0.6362489461898804
bkbc_119,0,0.20227170620952895,0.4520254889897111,0.18229700000029436,0.17649560806313166,0.13086213171482086,0.18139111995697021,0.24677631258964539
bkbc_12,1,0.30340862001212254,0.4526913286938935,0.29963508741553974,0.2192329752958127,0.1808176040649414,0.192156121134758,0.20162935554981232
bkbc_120,0,0.23172724613703277,0.47061693343894995,0.22088698797089276,0.21115680721107055,0.20684468746185303,0.2851577401161194,0.2163502275943756
bkbc_121,0,0.16135674862729887,0.4811300863361937,0.14998273866749975,0.6820655979926803,0.5138963460922241,0.570988118648529,0.5018553733825684
bkbc_122,1,0.70725974407702,0.4836366609254054,0.7117688027882251,0.954523218992329,0.8859459757804871,0.943960964679718,0.9265438318252563
bkbc_123,0,0.6979946363953723,0.4811300863361937,0.7083708950993661,0.7606057397204122,0.7436193823814392,0.6931008696556091,0.6920544505119324
bkbc_124,1,0.5738234564875635,0.46968324111472437,0.6069917713176297,0.8068144072791097,0.7890302538871765,0.8623502850532532,0.7683363556861877
bkbc_125,0,0.3544486246724406,0.45736741736583564,0.3577050600495709,0.36008952077748313,0.1770733892917633,0.3001837432384491,0.2744854986667633
bkbc_126,1,0.7023952373102648,0.40409909722153553,0.7068845238209482,0.893818651463793,0.8128100633621216,0.7855236530303955,0.8236088752746582
bkbc_127,1,0.5294478302481321,0.4868793175446512,0.5467892437810106,0.6471492713327683,0.7786989212036133,0.7954279184341431,0.6650051474571228
bkbc_128,1,0.6572421689344009,0.417391748947312,0.6629790959723212,0.40723533830412617,0.6381098628044128,0.4293133616447449,0.4697100818157196
bkbc_129,0,0.5704817308228972,0.4578408823154017,0.6081169354186476,0.3904440701963235,0.2978266179561615,0.31255918741226196,0.31932333111763
bkbc_13,1,0.32353153416348296,0.4261813911523557,0.3198898696528317,0.25596911966229435,0.22371594607830048,0.23357640206813812,0.24601119756698608
bkbc_130,0,0.23054515172156956,0.5063719620907746,0.22651959724307996,0.359280558403036,0.28003087639808655,0.25457438826560974,0.24977965652942657
bkbc_131,0,0.35473351402616116,0.4578408823154017,0.30370520255534156,0.15273876866630406,0.1777835190296173,0.17595379054546356,0.18658186495304108
bkbc_132,0,0.137407913902509,0.3835542249091568,0.12228200322187611,0.16686657403996313,0.2588231861591339,0.2730182409286499,0.2330736517906189
bkbc_133,1,0.5270842333435709,0.4520254889897111,0.5206746168879252,0.5368116586239498,0.5046690106391907,0.6275588274002075,0.587308943271637
bkbc_134,1,0.44808732819237657,0.38866089983267466,0.4650696995468888,0.43308668342605794,0.3824296295642853,0.2991854250431061,0.33975571393966675
bkbc_135,1,0.5786946320623273,0.47540929481060307,0.6135185770372651,0.6875276298106595,0.5730302929878235,0.5641868710517883,0.634010374546051
bkbc_136,1,0.6923908301173616,0.46012978691762857,0.702574785977335,0.7140611213120389,0.737602949142456,0.7029215097427368,0.695675253868103
bkbc_137,0,0.2741508008482209,0.4578408823154017,0.2026575897054046,0.44154398884569124,0.4124845862388611,0.4356108009815216,0.4460175037384033
bkbc_138,1,0.41578764175420485,0.4000890422008117,0.4130052212010363,0.18039759664320867,0.2011287659406662,0.17475953698158264,0.2621702551841736
bkbc_139,0,0.18399813668344805,0.47061693343894995,0.1725929836572656,0.1627934927616146,0.21516147255897522,0.217706099152565,0.18073824048042297
bkbc_14,1,0.5771009248983536,0.47061693343894995,0.5816536657468532,0.2149200502703763,0.24712765216827393,0.27001723647117615,0.27500200271606445
bkbc_140,1,0.6673994554149643,0.4868793175446512,0.7278072571363045,0.815553599687745,0.802176296710968,0.8218076229095459,0.7567576766014099
bkbc_141,1,0.4491363595610356,0.4578408823154017,0.43470936623969847,0.2825678317956459,0.3000401556491852,0.27280721068382263,0.2837335169315338
bkbc_142,0,0.49457154910593937,0.47540929481060307,0.498902944428026,0.38196157433927325,0.3304724097251892,0.24513424932956696,0.4285762906074524
bkbc_143,1,0.5044841902836823,0.44967782591470196,0.5056772189292611,0.3489044727333084,0.40586525201797485,0.39673662185668945,0.40736299753189087
bkbc_144,0,0.46763306109686853,0.4526913286938935,0.46546761817649296,0.32764233255145037,0.19103950262069702,0.165232315659523,0.1816529929637909
bkbc_145,0,0.6403199328085667,0.48114182163501945,0.6939971598918532,0.7624716230486127,0.7327486872673035,0.8365777730941772,0.7599462866783142
bkbc_146,1,0.35473351402616116,0.4578408823154017,0.30370520255534156,0.44746778958811123,0.6101136803627014,0.6238206624984741,0.5251267552375793
bkbc_147,1,0.6961489135818709,0.5063719620907746,0.6969723281522956,0.8304570170924511,0.7207846641540527,0.837773859500885,0.854123055934906
bkbc_148,0,0.7148676839396961,0.4811300863361937,0.7253532263427678,0.7336122968414094,0.66925448179245,0.6110800504684448,0.6313061714172363
bkbc_149,0,0.7146641499182872,0.4520254889897111,0.7208699733661442,0.8316521884183481,0.878357470035553,0.8757864236831665,0.8264592289924622
bkbc_15,0,0.49955856649398334,0.46968324111472437,0.5057632017026565,0.6949579381822665,0.644940197467804,0.7038540244102478,0.7081906795501709
bkbc_150,0,0.596336124698003,0.4811300863361937,0.6018677434988983,0.43618298667741123,0.45907101035118103,0.4319193363189697,0.4120063781738281
bkbc_151,0,0.1620331292498789,0.43026540032295724,0.16050429092637764,0.25944834608459727,0.2603568732738495,0.296769917011261,0.28209108114242554
bkbc_152,1,0.65806499599057,0.5021972679980603,0.6664590837420695,0.798589076022252,0.7254895567893982,0.7333441376686096,0.7093551158905029
bkbc_153,1,0.6629565556118415,0.47540929481060307,0.7223370260009746,0.8922223328479923,0.798827052116394,0.8367857933044434,0.7669553756713867
bkbc_154,0,0.6357127464067753,0.46968324111472437,0.6881386031943317,0.5290677076816274,0.6034687161445618,0.4797110855579376,0.43935737013816833
bkbc_155,0,0.5393747130580634,0.4525588478065164,0.5603518851889043,0.6374745988415026,0.5306127071380615,0.48028334975242615,0.5892114639282227
bkbc_156,0,0.5182090984749748,0.46012978691762857,0.5196153770718157,0.4332452114828991,0.42124927043914795,0.46417856216430664,0.38064977526664734
bkbc_157,0,0.5701341102325146,0.4916599746161453,0.574850609020812,0.4513846327460337,0.4329022169113159,0.46714621782302856,0.4660278856754303
bkbc_158,1,0.6673994554149643,0.4868793175446512,0.7278072571363045,0.7909061656411519,0.793718695640564,0.7653807401657104,0.7573323249816895
bkbc_159,0,0.44985539936372937,0.48114182163501945,0.4374871255756405,0.1777218013971228,0.2824137806892395,0.21462887525558472,0.21148447692394257
bkbc_16,0,0.19697065844242254,0.4578408823154017,0.12016962988723057,0.14095916674532033,0.17024296522140503,0.17974618077278137,0.17208406329154968
bkbc_160,1,0.7007532189913811,0.5223623093152875,0.7005263578259432,0.8039465811145151,0.8438977003097534,0.8415668606758118,0.8122492432594299
bkbc_161,0,0.5815870451379215,0.4871301867310518,0.5757719427157251,0.31664454017407223,0.15672801434993744,0.23050406575202942,0.2800491154193878
bkbc_162,0,0.17555816964843968,0.417391748947312,0.1578824229255071,0.1746361960877781,0.11083568632602692,0.15353086590766907,0.2348223626613617
bkbc_163,0,0.47196589511430215,0.47061693343894995,0.4708406221123453,0.49388097523008156,0.4953172504901886,0.4977028965950012,0.5264600515365601
bkbc_164,0,0.5045456717124623,0.47540929481060307,0.5126212895007705,0.5248725715284747,0.6037338972091675,0.5773710608482361,0.6473948359489441
bkbc_165,1,0.5978289287836933,0.4578408823154017,0.6459808688855627,0.8279752478809949,0.8169742226600647,0.7944538593292236,0.7633422017097473
bkbc_166,0,0.47145773723313433,0.4811300863361937,0.4708406221123453,0.531711572966614,0.4749643802642822,0.4632229506969452,0.4634856879711151
bkbc_167,1,0.2574893953671153,0.47540929481060307,0.19288450249436262,0.561579782869732,0.642808735370636,0.6697538495063782,0.5663877129554749
bkbc_168,1,0.6584846765382373,0.4525588478065164,0.7167996373497582,0.790801751406349,0.7054354548454285,0.7979130148887634,0.7194884419441223
bkbc_169,1,0.5013526685534391,0.4871301867310518,0.48975800853661766,0.7927991779282416,0.6677147150039673,0.7613461017608643,0.7048714756965637
bkbc_17,0,0.45378419687405286,0.4578408823154017,0.44135620733765735,0.43830298671743845,0.48890942335128784,0.41665521264076233,0.488091379404068
bkbc_170,0,0.6809953377763222,0.5223623093152875,0.6793595488342625,0.6276758710191314,0.3862135410308838,0.6182458996772766,0.618543803691864
bkbc_171,0,0.25147515402859444,0.47061693343894995,0.24068621968003437,0.13765354293735843,0.2334027886390686,0.3013002276420593,0.2745573818683624
bkbc_172,0,0.4257002350360402,0.44967782591470196,0.42261643123277504,0.25226434637277856,0.2763115167617798,0.2895332872867584,0.28512731194496155
bkbc_173,1,0.4452015620847473,0.47061693343894995,0.44315831257272414,0.2601044864299026,0.28916770219802856,0.29685360193252563,0.2519448399543762
bkbc_174,0,0.5612607028985048,0.4578408823154017,0.59517452245728,0.42002673737122986,0.33519744873046875,0.28912901878356934,0.3858899176120758
bkbc_175,1,0.45830070151174496,0.4916599746161453,0.45696624421973603,0.47296798264209794,0.47603365778923035,0.4313151240348816,0.55008864402771
bkbc_176,1,0.676010302671964,0.5063719620907746,0.6765941117625037,0.6460762708189961,0.6604700684547424,0.6305039525032043,0.7221402525901794
bkbc_177,1,0.5738445598113059,0.4568271319924765,0.5773127446921218,0.5477170747916107,0.5522196292877197,0.4581485390663147,0.4927794933319092
bkbc_178,1,0.5393747130580634,0.46968324111472437,0.5603518851889043,0.7402653233824591,0.792610228061676,0.8680202960968018,0.7412733435630798
bkbc_179,0,0.417324067418148,0.4568271319924765,0.41875991343958835,0.6276120139533874,0.6999212503433228,0.7871896624565125,0.6425268054008484
bkbc_18,0,0.5887717928914312,0.4578408823154017,0.6335353780617706,0.4040323043127665,0.5392187237739563,0.47052255272865295,0.4361606538295746
bkbc_180,1,0.5738445598113059,0.40409909722153553,0.5773127446921218,0.5130057091201872,0.5743201375007629,0.5612803101539612,0.5935953259468079
bkbc_181,1,0.34660387024092065,0.3835542249091568,0.33529907904709644,0.31105525799290634,0.29709136486053467,0.2616100609302521,0.247543603181839
bkbc_182,1,0.132007689542798,0.3745514377433469,0.1284128173105635,0.4773666128258689,0.4783051609992981,0.5730322003364563,0.5097388029098511
bkbc_183,1,0.4978727959368909,0.4811300863361937,0.49870347258919023,0.3975870857386583,0.3537392318248749,0.3986843526363373,0.5371090173721313
bkbc_184,0,0.5932129930492704,0.46968324111472437,0.6328476695391207,0.5507788057084158,0.5299007296562195,0.4105567932128906,0.48275622725486755
bkbc_185,0,0.1548019879610042,0.4525588478065164,0.09033749721034932,0.12359922151707588,0.18848784267902374,0.15206953883171082,0.21448346972465515
bkbc_186,1,0.4176509526367118,0.4925141029030664,0.42234452022143515,0.4317282768600085,0.4415970742702484,0.3361615538597107,0.35892370343208313
bkbc_187,1,0.6716129780206468,0.4578408823154017,0.7427788424748576,0.8012477458579453,0.9355714917182922,0.8509293794631958,0.8179630041122437
bkbc_188,0,0.27459907134211947,0.47947239324414886,0.2706803682454813,0.22785538481612277,0.237445667386055,0.30555984377861023,0.3236262798309326
bkbc_189,0,0.3133822856605036,0.4526913286938935,0.30967117078209166,0.31102161697510156,0.3283673822879791,0.2985089421272278,0.37647342681884766
bkbc_19,1,0.38792244262829456,0.4392701058460849,0.3823896453916396,0.8490529404155711,0.6237906813621521,0.6855021715164185,0.6620088219642639
bkbc_190,0,0.42104856789344836,0.4871301867310518,0.40434627747313273,0.2607997034994828,0.1520269811153412,0.18360266089439392,0.19905291497707367
bkbc_191,0,0.49240980834971004,0.4520254889897111,0.48357651883262565,0.33731797427167876,0.1819753646850586,0.2737877070903778,0.3811645209789276
bkbc_192,0,0.5217646278669941,0.43026540032295724,0.5246165000496298,0.3399649348098405,0.3631848394870758,0.4346306025981903,0.3127182722091675
bkbc_193,1,0.5194975968132783,0.46968324111472437,0.5331567832518318,0.7796408939311557,0.8668038845062256,0.8599468469619751,0.779708981513977
bkbc_194,1,0.39867048095859325,0.4871301867310518,0.38075064565399624,0.45656826157786273,0.25324517488479614,0.3936600685119629,0.48207542300224304
bkbc_195,0,0.593308291234854,0.4578408823154017,0.639781609540016,0.4435806802317453,0.49649325013160706,0.4598097801208496,0.4628874659538269
bkbc_196,0,0.20778259659630097,0.44687356767260217,0.1399670095840459,0.5340712039536422,0.43906936049461365,0.3837403655052185,0.4614386558532715
bkbc_197,0,0.3343400830198288,0.4871301867310518,0.3136112997478179,0.25113438875325916,0.12470467388629913,0.18607455492019653,0.20745928585529327
bkbc_198,1,0.623368773027742,0.5223623093152875,0.6174284627010523,0.3605259573043867,0.4085434377193451,0.26538270711898804,0.3701004981994629
bkbc_199,1,0.5434702351142794,0.4261813911523557,0.5423022098294633,0.7745142156595637,0.8684504628181458,0.9097406268119812,0.8942990303039551
bkbc_2,1,0.7210408877843836,0.3508081169482574,0.735559014959386,0.9381390432363863,0.9286689162254333,0.891416609287262,0.8395363092422485
bkbc_20,0,0.2667449382627416,0.4578408823154017,0.19407101472833874,0.3203699046631099,0.31874358654022217,0.33633488416671753,0.3762117028236389
bkbc_200,1,0.2741508008482209,0.4578408823154017,0.2026575897054046,0.20131210785116097,0.14759889245033264,0.2057911604642868,0.22713495790958405
bkbc_201,1,0.5537328141325502,0.557373316173227,0.5391639239227912,0.27159982459091403,0.21514615416526794,0.2316206842660904,0.22764576971530914
bkbc_202,1,0.6949711279630792,0.3835542249091568,0.7056914620641638,0.6998088054205971,0.7895071506500244,0.7917445302009583,0.7586562633514404
bkbc_203,1,0.615738860687756,0.4578408823154017,0.6702749972690504,0.6606813015323784,0.6335780024528503,0.73001629114151,0.748071551322937
bkbc_204,0,0.15035607226094697,0.417391748947312,0.13330816479522048,0.27655616422416196,0.177774116396904,0.26404181122779846,0.21877577900886536
bkbc_205,1,0.6341681806837224,0.5223623093152875,0.6290480926826492,0.4450501210892864,0.5708264708518982,0.46669429540634155,0.44014835357666016
bkbc_206,0,0.09709021211859464,0.4392701058460849,0.08718922469126303,0.5541012733327014,0.5790987014770508,0.5433761477470398,0.4866018295288086
bkbc_207,0,0.5640389132607622,0.48114182163501945,0.5938250020885669,0.5486355079012084,0.5027731657028198,0.4493909478187561,0.4728747606277466
bkbc_208,0,0.6387207660998865,0.4925141029030664,0.6574282782197775,0.6335315939459848,0.535768985748291,0.5626014471054077,0.6550097465515137
bkbc_209,0,0.20431885288744386,0.4871301867310518,0.18229700000029436,0.13464805299044827,0.22240227460861206,0.17931360006332397,0.1686658263206482
bkbc_21,0,0.48181248528098836,0.4578408823154017,0.4815971819873043,0.2294823253431821,0.2514161467552185,0.1794915646314621,0.18660488724708557
bkbc_210,1,0.7025013538445115,0.417391748947312,0.7108042585411875,0.8201839589146387,0.818652868270874,0.7352067232131958,0.7882969975471497
bkbc_211,0,0.17354770023143834,0.4226400624993445,0.168004336011205,0.220662864224205,0.21731145679950714,0.26107409596443176,0.33922669291496277
bkbc_212,0,0.48649983203521957,0.4578408823154017,0.48834161359916695,0.601666880985848,0.5616105794906616,0.5356776714324951,0.5108253955841064
bkbc_213,0,0.32148389222684004,0.4916599746161453,0.3129694099721614,0.4109494077500805,0.4107688367366791,0.4352904260158539,0.41248756647109985
bkbc_214,1,0.556633861636602,0.4578408823154017,0.5886521158741322,0.6722559875350499,0.7067090272903442,0.7181035280227661,0.7086646556854248
bkbc_215,0,0.3891991770184456,0.43026540032295724,0.39023753265100475,0.3178595134861708,0.288481205701828,0.3087993562221527,0.2784971296787262
bkbc_216,0,0.6310805468320235,0.46968324111472437,0.6822192419788924,0.793681117162806,0.8464019298553467,0.8720389008522034,0.8669881224632263
bkbc_217,1,0.49588082843023124,0.4578408823154017,0.501840761266883,0.26801630526586867,0.313713937997818,0.27682000398635864,0.2602963447570801
bkbc_218,0,0.2984301895004766,0.4811300863361937,0.2894910308838062,0.3132066596120131,0.2516063153743744,0.30924704670906067,0.3761024475097656
bkbc_219,1,0.5591273812272418,0.46968324111472437,0.5871893952083617,0.5051728661184933,0.39388135075569153,0.4578632712364197,0.48027610778808594
bkbc_22,1,0.5795525186098958,0.3784670103784465,0.5830826949418082,0.5820736525168632,0.7896397113800049,0.7047916650772095,0.6050651669502258
bkbc_220,0,0.2012915913760006,0.4582565336924098,0.13348988044051405,0.2265278319081837,0.26702171564102173,0.1904935985803604,0.22150254249572754
bkbc_221,0,0.18424795669537428,0.4520254889897111,0.1645740203180377,0.28387225926205323,0.26894205808639526,0.23778694868087769,0.34350934624671936
bkbc_222,0,0.2699660734486828,0.4261813911523557,0.26602924036877335,0.2803562277764175,0.21670009195804596,0.2993404269218445,0.24749834835529327
bkbc_223,1,0.43064152076608153,0.4578408823154017,0.40837853999100654,0.586620479592365,0.4510761797428131,0.6662460565567017,0.6418708562850952
bkbc_224,1,0.7151012499110375,0.5223623093152875,0.7158639966360351,0.8830682616184935,0.957389771938324,0.8951170444488525,0.8464662432670593
bkbc_225,1,0.3326757609973839,0.47061693343894995,0.3250890923917003,0.17083510570593136,0.22836104035377502,0.26626309752464294,0.23993216454982758
bkbc_226,0,0.5102946633999583,0.5223623093152875,0.4959426319814285,0.22640213908128737,0.11708329617977142,0.141767218708992,0.19108669459819794
bkbc_227,1,0.6310805468320235,0.46968324111472437,0.6822192419788924,0.5556587839283541,0.5731103420257568,0.49336493015289307,0.614145040512085
bkbc_228,0,0.5333678073902309,0.4578408823154017,0.555614774089679,0.4835108651768811,0.6243593096733093,0.5890166759490967,0.5804787874221802
bkbc_229,0,0.5434702351142794,0.5332346901296999,0.5423022098294633,0.41211116799463987,0.3871381878852844,0.4469015598297119,0.3872784674167633
bkbc_23,0,0.633880018606157,0.5021972679980603,0.6412121979056499,0.5149816701844013,0.502000629901886,0.4603537321090698,0.5768490433692932
bkbc_230,1,0.6068197969522495,0.4578408823154017,0.6582317083550083,0.7533449129808178,0.7733571529388428,0.7185760736465454,0.683608889579773
bkbc_231,0,0.4575792482899263,0.5373838371930677,0.459578574233886,0.4698281448146782,0.23799008131027222,0.18509021401405334,0.35544052720069885
bkbc_232,1,0.4502164964639124,0.4000890422008117,0.44783589913807065,0.3556253013610017,0.19259274005889893,0.18615493178367615,0.17098067700862885
bkbc_233,0,0.13468879781791018,0.3835542249091568,0.11965098989489577,0.234409474992881,0.20643630623817444,0.2897229492664337,0.3038555383682251
bkbc_234,0,0.5523478021194388,0.45736741736583564,0.5697169961801876,0.41905022426135835,0.43293431401252747,0.3047734498977661,0.28603848814964294
bkbc_235,0,0.6112886431997424,0.4578408823154017,0.664280063076215,0.5929901100630662,0.39736053347587585,0.3764346241950989,0.44035089015960693
bkbc_236,1,0.5668644511986206,0.4925141029030664,0.5818042281647506,0.5491015720996022,0.6460179090499878,0.5972276926040649,0.4635353684425354
bkbc_237,1,0.6773933578777371,0.4836366609254054,0.6817558928990931,0.7617994688870309,0.550445020198822,0.664654552936554,0.7766363024711609
bkbc_238,0,0.406919383977205,0.47061693343894995,0.4023387460785007,0.2869428270879166,0.31647324562072754,0.2845543920993805,0.24529333412647247
bkbc_239,1,0.46777291843626984,0.4578408823154017,0.4614138369544676,0.49344259234801585,0.35122114419937134,0.3276774287223816,0.3460603952407837
bkbc_24,0,0.6566248163160858,0.4836366609254054,0.6608523231376673,0.5371476279843929,0.5509948134422302,0.5060126185417175,0.5176576972007751
bkbc_240,1,0.4197443310816509,0.4811300863361937,0.4158245870470719,0.6196396520115686,0.6089830994606018,0.6004383563995361,0.6145655512809753
bkbc_241,1,0.6289711778164208,0.4578408823154017,0.6879250922618212,0.8298374889406372,0.7184110283851624,0.7715545296669006,0.777077317237854
bkbc_242,1,0.6752401024476767,0.44967782591470196,0.6847960401892131,0.6698824768401144,0.5772037506103516,0.5764468312263489,0.5681490302085876
bkbc_243,0,0.31008485483340514,0.4582565336924098,0.25452387642348817,0.18532443316998753,0.25587135553359985,0.19005918502807617,0.18323922157287598
bkbc_244,0,0.5786946320623273,0.46968324111472437,0.6135185770372651,0.34182178611710856,0.3226008415222168,0.3237901031970978,0.37389621138572693
bkbc_245,0,0.6391831155144431,0.5063719620907746,0.6393021541141022,0.5577953386715471,0.5109108090400696,0.4626423418521881,0.44705918431282043
bkbc_246,0,0.5785081890559605,0.4520254889897111,0.5757719427157251,0.5002758734040151,0.47144386172294617,0.5380773544311523,0.5103033781051636
bkbc_247,0,0.5786946320623273,0.46968324111472437,0.6135185770372651,0.6193642623979474,0.6916837692260742,0.7612758278846741,0.7474865317344666
bkbc_248,1,0.5505912843184685,0.4392701058460849,0.5542806523114336,0.46692627426727906,0.6011994481086731,0.5498186945915222,0.6233909726142883
bkbc_249,0,0.24621438009628863,0.46968324111472437,0.18039089770157613,0.14308205837611876,0.19967518746852875,0.1606248915195465,0.18454313278198242
bkbc_25,0,0.531398837649562,0.4916599746161453,0.5335230691735301,0.38493341549347365,0.29137808084487915,0.32258620858192444,0.307228684425354
bkbc_250,1,0.5334196463765565,0.4836366609254054,0.5364165925195504,0.4267610234537231,0.3812237083911896,0.43492910265922546,0.5169562697410583
bkbc_251,0,0.30474639804028036,0.40409909722153553,0.3046299055402127,0.16081358182838357,0.16757728159427643,0.12557874619960785,0.15852533280849457
bkbc_252,1,0.4929458139484055,0.5223623093152875,0.4774000509049931,0.42769929247132127,0.47375819087028503,0.5172068476676941,0.4771626889705658
bkbc_253,0,0.318684309121081,0.4582565336924098,0.2650772023232801,0.117163809281216,0.18474255502223969,0.11071579158306122,0.192702978849411
bkbc_254,1,0.19653177432605248,0.4916599746161453,0.18487332223255634,0.7142769333481951,0.6313610076904297,0.6378284692764282,0.619327187538147
bkbc_255,0,0.40593510476326783,0.4582565336924098,0.3779296180813699,0.13079259617814276,0.24262073636054993,0.22655288875102997,0.3061263859272003
bkbc_256,1,0.6123163713250213,0.4639651577844973,0.6579610559431661,0.5732208205563963,0.6492722630500793,0.6297274827957153,0.6549904346466064
bkbc_257,0,0.30105367878934547,0.4578408823154017,0.23491761664183602,0.20756867596155967,0.24280062317848206,0.20923388004302979,0.23907548189163208
bkbc_258,1,0.5380359426253764,0.4578408823154017,0.5622714887575864,0.6350207839317347,0.522466242313385,0.5895501375198364,0.6027112007141113
bkbc_259,0,0.30105367878934547,0.4578408823154017,0.23491761664183602,0.3656592003210755,0.24835848808288574,0.3750630021095276,0.42334237694740295
bkbc_26,1,0.5318459346250376,0.4526913286938935,0.5305208119610829,0.5582552797863568,0.4950263798236847,0.4268256723880768,0.37395840883255005
bkbc_260,0,0.5557953816148673,0.4520254889897111,0.5514336690655526,0.5344841014495926,0.5513314008712769,0.39956963062286377,0.4797801077365875
bkbc_261,0,0.47561393675511066,0.5223623093152875,0.4589195523720967,0.32832620985707317,0.28644004464149475,0.33557823300361633,0.2890911102294922
bkbc_262,0,0.4851288597344421,0.4000890422008117,0.48318605598750625,0.4312847898269405,0.32050272822380066,0.31465548276901245,0.3608158230781555
bkbc_263,0,0.6112886431997424,0.4578408823154017,0.664280063076215,0.4629416735580977,0.442525178194046,0.4413435161113739,0.4939327538013458
bkbc_264,0,0.15191670542577465,0.4000890422008117,0.14814322449456807,0.2071806303082063,0.3163900673389435,0.2579696476459503,0.3004387319087982
bkbc_265,1,0.5005728276158147,0.4578408823154017,0.5085905588751417,0.25299603899275447,0.2752038240432739,0.25349366664886475,0.273880273103714
bkbc_266,1,0.6430579982571256,0.3557303995235857,0.6739458379940167,0.7969364167640487,0.8218415379524231,0.8149504661560059,0.7153587937355042
bkbc_267,1,0.47790417413196873,0.5277349391374685,0.48357651883262565,0.6942955860833754,0.594257652759552,0.5896667242050171,0.5273786187171936
bkbc_268,0,0.5393747130580634,0.46968324111472437,0.5603518851889043,0.605930767556641,0.591231644153595,0.5623840093612671,0.6159687638282776
bkbc_269,0,0.18550271976598792,0.3784670103784465,0.18412386009062875,0.19253635060224658,0.1682599037885666,0.10117069631814957,0.17735397815704346
bkbc_27,1,0.633880018606157,0.44967782591470196,0.6412121979056499,0.41553029837293703,0.5301204919815063,0.48299744725227356,0.5601655840873718
bkbc_270,0,0.19534028564669423,0.47947239324414886,0.19134801927865083,0.1997844173260155,0.17519497871398926,0.1966136395931244,0.24163585901260376
bkbc_271,1,0.20381968671528183,0.4568271319924765,0.20258654293814965,0.3409373488854545,0.2385675609111786,0.27622413635253906,0.3599125146865845
bkbc_272,0,0.17178475564154547,0.40409909722153553,0.17031279490878226,0.1713318691207382,0.22641058266162872,0.15559163689613342,0.19215039908885956
bkbc_273,0,0.4260458325535594,0.4578408823154017,0.4018710728100863,0.7194378979418027,0.5422883629798889,0.5215357542037964,0.5529364943504333
bkbc_274,1,0.6289711778164208,0.4578408823154017,0.6879250922618212,0.8851906126486621,0.801348865032196,0.7213894724845886,0.7707062363624573
bkbc_275,1,0.28102861072672086,0.46968324111472437,0.21981876091508745,0.19221871316653405,0.371132493019104,0.2596568763256073,0.27953028678894043
bkbc_276,1,0.650114731584291,0.5223623093152875,0.6461976276771878,0.5434013453821602,0.5630475878715515,0.5459884405136108,0.6014829874038696
bkbc_277,0,0.15090686847373547,0.47061693343894995,0.139623044254687,0.34363962753939914,0.3324349522590637,0.37581995129585266,0.3719688355922699
bkbc_278,0,0.6406398089254609,0.4836366609254054,0.6447466213231253,0.8644813134551182,0.8869550228118896,0.9282628893852234,0.9017500877380371
bkbc_279,0,0.5333678073902309,0.4578408823154017,0.555614774089679,0.7996374067895918,0.7159265875816345,0.6653516292572021,0.7165771722793579
bkbc_28,1,0.6961489135818709,0.5063719620907746,0.6969723281522956,0.8763535417152801,0.7516952753067017,0.7445968985557556,0.748132586479187
bkbc_280,0,0.2663030673250416,0.47061693343894995,0.25631067443398103,0.21253787680380917,0.22012706100940704,0.2518012225627899,0.2411099374294281
bkbc_281,0,0.70725974407702,0.4568271319924765,0.7117688027882251,0.8446706175231693,0.8477755784988403,0.8594022989273071,0.8348480463027954
bkbc_282,1,0.5260199966213875,0.5332346901296999,0.5246165000496298,0.49358361763812425,0.36657097935676575,0.40825045108795166,0.38200435042381287
bkbc_283,1,0.7202274752084745,0.4916599746161453,0.7308754749223059,0.9269475700963556,0.8078084588050842,0.7776320576667786,0.7878314852714539
bkbc_284,0,0.35044928450503077,0.4578408823154017,0.29802547042535144,0.30022010475891797,0.19862760603427887,0.25484344363212585,0.3109392821788788
bkbc_285,0,0.17396519279086536,0.4582565336924098,0.10741454756860398,0.28397014689817757,0.39861243963241577,0.359477162361145,0.3107195496559143
bkbc_286,1,0.43509289923406846,0.46968324111472437,0.4173423522910646,0.512288630549435,0.5743760466575623,0.572783350944519,0.49421653151512146
bkbc_287,0,0.5636410009529962,0.4916599746161453,0.5680190847189028,0.41893007210127664,0.39583274722099304,0.44058212637901306,0.3301446735858917
bkbc_288,0,0.1419153186833524,0.4578408823154017,0.07189900593833724,0.16926272199623174,0.1460505872964859,0.1963585913181305,0.18486329913139343
bkbc_289,1,0.6505931627078865,0.4578408823154017,0.7161511563519203,0.8747909069120279,0.9038910865783691,0.8559710383415222,0.8574021458625793
bkbc_29,1,0.6861672559588912,0.5063719620907746,0.6868734163547944,0.6861208383399288,0.8677242398262024,0.796917736530304,0.7947866916656494
bkbc_290,1,0.6272444105052046,0.4916599746161453,0.6347695134893407,0.4801676330887475,0.4007369875907898,0.4196251332759857,0.4877098798751831
bkbc_291,0,0.4808686832495534,0.43026540032295724,0.48318605598750625,0.4133986429649565,0.4412132203578949,0.310127317905426,0.3418990969657898
bkbc_292,0,0.25369387663474635,0.47540929481060307,0.18864828922938134,0.4036323981707509,0.35466647148132324,0.2845016121864319,0.3314439356327057
bkbc_293,0,0.3419533150121365,0.4578408823154017,0.2868518618667448,0.3017505737852092,0.23763826489448547,0.27448323369026184,0.3317028880119324
bkbc_294,0,0.6228525174071023,0.47947239324414886,0.6227572567164076,0.6758152922525645,0.6895565390586853,0.7504630088806152,0.7638476490974426
bkbc_295,0,0.5519971742247379,0.4578408823154017,0.5820984091716639,0.37103778493689693,0.2822665870189667,0.2834840416908264,0.30040866136550903
bkbc_296,0,0.43805307896072676,0.4871301867310518,0.42234452022143515,0.28066491605787497,0.2144901305437088,0.34546104073524475,0.3028504550457001
bkbc_297,1,0.5842201532284631,0.4578408823154017,0.6272439410775011,0.5858979038073203,0.7379593253135681,0.6649534106254578,0.6382091641426086
bkbc_298,1,0.368040287965612,0.4925141029030664,0.36915325442658464,0.14061407119824532,0.11484671384096146,0.1672297865152359,0.19725078344345093
bkbc_299,1,0.224679958583836,0.47540929481060307,0.15731358726915393,0.30777976181477695,0.251778781414032,0.2771560251712799,0.30502668023109436
bkbc_3,0,0.484601745451668,0.47540929481060307,0.485186250829757,0.3943068375117135,0.3452378213405609,0.4098944664001465,0.31170040369033813
bkbc_30,1,0.5242997343395747,0.4916599746161453,0.5265743778005155,0.3837830340555677,0.28443658351898193,0.3166116178035736,0.37497568130493164
bkbc_300,0,0.17761535248135607,0.4261813911523557,0.17368646912520747,0.24621513573475398,0.2359117865562439,0.12562739849090576,0.18554243445396423
bkbc_301,0,0.5832982985487387,0.4226400624993445,0.6056730216100366,0.4647610206649248,0.381365567445755,0.3291052579879761,0.41719523072242737
bkbc_302,0,0.5426974179021068,0.4578408823154017,0.5689058559846674,0.5159761764656375,0.49888086318969727,0.48870211839675903,0.5952165126800537
bkbc_303,0,0.596336124698003,0.4811300863361937,0.6018677434988983,0.481955955703775,0.4983726143836975,0.5121937990188599,0.5151157975196838
bkbc_304,0,0.4771283373926947,0.4578408823154017,0.4748594495632234,0.2893126474088783,0.24762596189975739,0.25250181555747986,0.2705692648887634
bkbc_305,0,0.1512571690043066,0.3557303995235857,0.14826166341287028,0.22772465580032217,0.2954738438129425,0.21698938310146332,0.2157115936279297
bkbc_306,0,0.5294478302481321,0.48114182163501945,0.5467892437810106,0.37491668868200656,0.270152747631073,0.24311897158622742,0.3453013300895691
bkbc_307,1,0.6395255619128709,0.4916599746161453,0.6476043260438398,0.6274126957317893,0.44201478362083435,0.45936155319213867,0.46245306730270386
bkbc_308,1,0.5887717928914312,0.4578408823154017,0.6335353780617706,0.8429074945676116,0.8341037631034851,0.7963689565658569,0.7858447432518005
bkbc_309,1,0.5965435399715812,0.5373838371930677,0.600250691070293,0.491479950573251,0.661431074142456,0.6854238510131836,0.6209783554077148
bkbc_31,0,0.24256498992978262,0.5223623093152875,0.2178623776695458,0.3137393075231919,0.23067258298397064,0.2723805010318756,0.31539487838745117
bkbc_310,0,0.6984243136204062,0.47061693343894995,0.7083708950993661,0.7357516261803398,0.7444109916687012,0.702458918094635,0.6889321804046631
bkbc_311,1,0.7010720679443747,0.47947239324414886,0.7019521356145371,0.9428059599957487,0.8685917258262634,0.9239603281021118,0.876969039440155
bkbc_312,0,0.40593510476326783,0.4525588478065164,0.3779296180813699,0.3182425362639591,0.24468804895877838,0.2775386571884155,0.21373769640922546
bkbc_313,0,0.33384965852759957,0.47947239324414886,0.33028443799807433,0.7779658234415916,0.8118016719818115,0.8744764924049377,0.8388463854789734
bkbc_314,0,0.2949295203922351,0.3784670103784465,0.29468745943829155,0.20568100318712407,0.4024236500263214,0.38451603055000305,0.30039462447166443
bkbc_315,0,0.6529842823243615,0.557373316173227,0.6461976276771878,0.6019792654805253,0.5122696757316589,0.4378295838832855,0.5753892660140991
bkbc_316,0,0.5344146791201126,0.47540929481060307,0.5535805348426492,0.5713522447865813,0.7523211240768433,0.7249359488487244,0.6226905584335327
bkbc_317,1,0.660461088313925,0.4526913286938935,0.6608523231376673,0.7384774221057695,0.7208296656608582,0.7316578030586243,0.7767117619514465
bkbc_318,1,0.596336124698003,0.4916599746161453,0.6018677434988983,0.510508654707562,0.46953603625297546,0.40600016713142395,0.45402854681015015
bkbc_319,0,0.08711327247030122,0.3557303995235857,0.0819317526300095,0.2823652815053091,0.10840991884469986,0.17698349058628082,0.28343039751052856
bkbc_32,0,0.27043191550415946,0.4578408823154017,0.1983293317629637,0.23318553810237821,0.2745533287525177,0.27566829323768616,0.23973314464092255
bkbc_320,0,0.4584401039745224,0.4578408823154017,0.4480241315020452,0.43040845817809414,0.3658432066440582,0.421407550573349,0.4294678270816803
bkbc_321,1,0.4647067438952412,0.46968324111472437,0.45784020120132807,0.5653292493925947,0.39365190267562866,0.400007963180542,0.3980134129524231
bkbc_322,0,0.2667449382627416,0.4578408823154017,0.19407101472833874,0.2700828917099178,0.24761179089546204,0.24220936000347137,0.3275747001171112
bkbc_323,1,0.5281532025858409,0.5918233392556902,0.5083137110967557,0.5339841229940029,0.4505264461040497,0.4816431999206543,0.5101761817932129
bkbc_324,1,0.2664906264979841,0.4871301867310518,0.2442157435841891,0.21407303743503292,0.1649102419614792,0.19082441926002502,0.18941351771354675
bkbc_325,1,0.29742931951615686,0.46968324111472437,0.23922108523322588,0.35601761653929365,0.2673647999763489,0.2772825062274933,0.3489665389060974
bkbc_326,1,0.48958561167076275,0.47540929481060307,0.49204310017746716,0.2627870821497655,0.4182189106941223,0.4115651845932007,0.4242601692676544
bkbc_327,1,0.6584846765382373,0.4582565336924098,0.7167996373497582,0.8620867807360676,0.8466256260871887,0.8856278657913208,0.8066166043281555
bkbc_328,0,0.43064152076608153,0.4578408823154017,0.40837853999100654,0.29396055251064535,0.22007261216640472,0.2512291967868805,0.2874903678894043
bkbc_329,1,0.624336392158609,0.4836366609254054,0.6283062608005862,0.4677487926124944,0.3976694941520691,0.4697389602661133,0.4444179832935333
bkbc_33,0,0.5932129930492704,0.47540929481060307,0.6328476695391207,0.39849494253637385,0.37471696734428406,0.3824130594730377,0.2751826047897339
bkbc_330,1,0.4983960805254694,0.40409909722153553,0.5009468716869738,0.5494495115788748,0.46292880177497864,0.5884707570075989,0.6972599625587463
bkbc_331,0,0.5123812014221456,0.417391748947312,0.5083137110967557,0.18451516298363507,0.4930320978164673,0.264972984790802,0.3358790874481201
bkbc_332,1,0.4547972483511969,0.4639651577844973,0.4442515799545393,0.30519559082017195,0.26337864995002747,0.25560444593429565,0.32243454456329346
bkbc_333,1,0.6059165755175117,0.3835542249091568,0.6115669673537595,0.8113165041655707,0.9027143716812134,0.9000577330589294,0.8203861713409424
bkbc_334,1,0.6621407162516919,0.45736741736583564,0.6847254217923211,0.6659081762130593,0.6551885008811951,0.7087002396583557,0.6726207733154297
bkbc_335,0,0.34521687114547944,0.48114182163501945,0.2983657862838247,0.27809448757533406,0.30148306488990784,0.2388899177312851,0.3002031743526459
bkbc_336,1,0.49126214536970386,0.47061693343894995,0.49173023064959803,0.33778426820368734,0.3939712643623352,0.3537195026874542,0.3269794285297394
bkbc_337,1,0.6228525174071023,0.5063719620907746,0.6227572567164076,0.794644306023142,0.8190302848815918,0.8898563385009766,0.8381669521331787
bkbc_338,0,0.4696724573101763,0.4639651577844973,0.464659400184945,0.28195586652616883,0.31980639696121216,0.35270723700523376,0.3778122663497925
bkbc_339,0,0.4386792811309311,0.47061693343894995,0.436285793698571,0.3872363835249396,0.44142380356788635,0.44981175661087036,0.4157523214817047
bkbc_34,0,0.21343076725058502,0.47061693343894995,0.2022825795827305,0.19080969182852145,0.2432226985692978,0.278091162443161,0.294497013092041
bkbc_340,0,0.39867048095859325,0.4871301867310518,0.38075064565399624,0.24960253231135412,0.2610294818878174,0.3151716887950897,0.3053600490093231
bkbc_341,0,0.5492704593183151,0.4525588478065164,0.5738249969286988,0.23872407803556114,0.3021147549152374,0.320756196975708,0.2994353771209717
bkbc_342,0,0.27790134684872225,0.4578408823154017,0.20705590908016316,0.1561623601340842,0.16935698688030243,0.18093876540660858,0.1983456164598465
bkbc_343,0,0.4260458325535594,0.4578408823154017,0.4018710728100863,0.40067963909867316,0.42164453864097595,0.4577259421348572,0.42466282844543457
bkbc_344,1,0.3942741024692699,0.4578408823154017,0.35739404397014135,0.44691647227889353,0.45822882652282715,0.5015869736671448,0.4262137711048126
bkbc_345,1,0.646444189949518,0.45736741736583564,0.6684853258745016,0.4910004705221674,0.6724230647087097,0.5437290668487549,0.4615403115749359
bkbc_346,0,0.4386792811309311,0.4811300863361937,0.436285793698571,0.36610684978515307,0.3345692753791809,0.32005539536476135,0.3348517417907715
bkbc_347,1,0.2663030673250416,0.44967782591470196,0.25631067443398103,0.20371280178875587,0.22446416318416595,0.2673046886920929,0.23397280275821686
bkbc_348,1,0.6911803939575144,0.5332346901296999,0.691945831608702,0.8630465278636529,0.8552770018577576,0.8667652010917664,0.8085587620735168
bkbc_349,0,0.5194975968132783,0.4582565336924098,0.5331567832518318,0.3506739970653383,0.1975899189710617,0.3395456373691559,0.2976078987121582
bkbc_35,0,0.22316725400613388,0.45736741736583564,0.2178623776695458,0.23170136659002966,0.24797680974006653,0.286494642496109,0.2948310673236847
bkbc_350,0,0.1963358728317458,0.43026540032295724,0.19504042185293716,0.15246627368543347,0.18476931750774384,0.10721991956233978,0.11622969806194305
bkbc_351,1,0.41689342563925386,0.4578408823154017,0.3889613855832439,0.36044441252609766,0.4367380738258362,0.41057130694389343,0.3444663882255554
bkbc_352,1,0.607746200909279,0.4836366609254054,0.6115634450853044,0.7391653091652892,0.6563182473182678,0.8179636001586914,0.7482630610466003
bkbc_353,0,0.21941808543383454,0.3784670103784465,0.21832607742930057,0.2561521642256334,0.24060022830963135,0.21865089237689972,0.2438865303993225
bkbc_354,0,0.5894607671640277,0.4811300863361937,0.5951646142098168,0.46015979352618486,0.4334441125392914,0.49874621629714966,0.5379525423049927
bkbc_355,1,0.6391831155144431,0.47947239324414886,0.6393021541141022,0.6155696915219276,0.6454622149467468,0.6768521070480347,0.6479936838150024
bkbc_356,1,0.7094466350405179,0.4811300863361937,0.7197611124375,0.7843445523293083,0.7575815916061401,0.7173227667808533,0.7274218797683716
bkbc_357,0,0.18550271976598792,0.43026540032295724,0.18412386009062875,0.2179526605300039,0.11415760964155197,0.1322357952594757,0.14962129294872284
bkbc_358,1,0.1803618342096441,0.4916599746161453,0.1686456177265454,0.6777784156716722,0.6222352981567383,0.6206954717636108,0.5847992300987244
bkbc_359,0,0.285496353554322,0.4578408823154017,0.2160629727367483,0.1677491026076714,0.11417093127965927,0.17603205144405365,0.18193769454956055
bkbc_36,1,0.6505931627078865,0.4578408823154017,0.7161511563519203,0.7501313273957083,0.7146771550178528,0.6234683990478516,0.6159207820892334
bkbc_360,1,0.5689379126842983,0.46968324111472437,0.6004265287836517,0.5377510280149275,0.650753378868103,0.6180071830749512,0.5365021228790283
bkbc_361,1,0.6334066494310174,0.4916599746161453,0.6412121979056499,0.4764684812806016,0.45531484484672546,0.442437082529068,0.5413374900817871
bkbc_362,1,0.29981498489612496,0.5105407121352976,0.29963508741553974,0.3670692238248211,0.3546178340911865,0.3610403537750244,0.3999868631362915
bkbc_363,0,0.3404879472125501,0.40409909722153553,0.34084749443813,0.28555457386017047,0.1822766661643982,0.18126937747001648,0.2918510138988495
bkbc_364,0,0.36772444578037494,0.4578408823154017,0.3211028839037783,0.16496388353973881,0.1546502709388733,0.18214961886405945,0.18025478720664978
bkbc_365,0,0.36055677568003147,0.4871301867310518,0.34083611715655393,0.23119520186320863,0.11378560215234756,0.18260303139686584,0.19839909672737122
bkbc_366,0,0.6217440248760042,0.47540929481060307,0.6702034240157954,0.640683217560791,0.6037460565567017,0.6711750030517578,0.6833241581916809
bkbc_367,1,0.4983825784483638,0.46012978691762857,0.49870347258919023,0.4346702855474079,0.3463064432144165,0.4426291286945343,0.4118000864982605
bkbc_368,1,0.5835417336982515,0.4811300863361937,0.5884258027868772,0.5341220581395375,0.6722385287284851,0.5827540159225464,0.5912044644355774
bkbc_369,1,0.5786946320623273,0.47540929481060307,0.6135185770372651,0.7993417639406072,0.7760124206542969,0.8079908490180969,0.7245903611183167
bkbc_37,0,0.20501806391607802,0.4811300863361937,0.19342910392045898,0.33978273793801694,0.43300002813339233,0.4109603464603424,0.3922460377216339
bkbc_370,1,0.6312309065101102,0.4871301867310518,0.6290480926826492,0.641390244954029,0.7521244287490845,0.6523717045783997,0.5607691407203674
bkbc_371,0,0.5505912843184685,0.47061693343894995,0.5542806523114336,0.614710258048556,0.5167926549911499,0.46374350786209106,0.5767391920089722
bkbc_372,0,0.4344737549207811,0.43026540032295724,0.43615111389295863,0.4217604467968985,0.3782110810279846,0.4973319172859192,0.45384451746940613
bkbc_373,0,0.2388848128338429,0.4639651577844973,0.1724181353644205,0.17891996487660194,0.29388427734375,0.274309366941452,0.3087131381034851
bkbc_374,1,0.6399955206593325,0.4811300863361937,0.6476043260438398,0.8166929788568406,0.7680491209030151,0.720842182636261,0.7578392028808594
bkbc_375,0,0.43292110188855365,0.4261813911523557,0.43033437238272493,0.3013575422127267,0.22597765922546387,0.28165435791015625,0.2788747549057007
bkbc_376,0,0.2388848128338429,0.4525588478065164,0.1724181353644205,0.2508454769289692,0.20842397212982178,0.19599151611328125,0.18354415893554688
bkbc_377,1,0.423020573492402,0.43026540032295724,0.424536797628725,0.49411316175694114,0.31267666816711426,0.41417714953422546,0.3674568831920624
bkbc_378,0,0.3942741024692699,0.4578408823154017,0.35739404397014135,0.2785062036813802,0.2646646201610565,0.3975093364715576,0.37751978635787964
bkbc_379,1,0.5852392827986496,0.4568271319924765,0.5888299781331595,0.4640480066378146,0.6121730208396912,0.5780301690101624,0.5210304260253906
bkbc_38,1,0.6805484315338504,0.47540929481060307,0.74380728072346,0.8642306106251871,0.8284217715263367,0.83955979347229,0.7949704527854919
bkbc_380,1,0.5612607028985048,0.4578408823154017,0.59517452245728,0.4028261231046324,0.3963393568992615,0.4273574650287628,0.40856093168258667
bkbc_381,0,0.6333403812850156,0.4578408823154017,0.6936924927929327,0.5847912793055245,0.5519920587539673,0.6048322319984436,0.5772939920425415
bkbc_382,0,0.41578764175420485,0.5063719620907746,0.4130052212010363,0.4367166566532351,0.4039088189601898,0.4568265974521637,0.45578765869140625
bkbc_383,0,0.3588671371369398,0.46968324111472437,0.3158811057846862,0.47323204634301175,0.5034096837043762,0.6184277534484863,0.4885360300540924
bkbc_384,0,0.3727498871099543,0.4639651577844973,0.33393527632271364,0.31559157222172374,0.19383521378040314,0.18687458336353302,0.25989869236946106
bkbc_385,0,0.6147968678592399,0.4811300863361937,0.6217402782074916,0.7067831778765268,0.5806995034217834,0.5976975560188293,0.6922382712364197
bkbc_386,0,0.4742166873637104,0.4226400624993445,0.48975800853661766,0.6946852572645462,0.7666478157043457,0.812421977519989,0.7370384931564331
bkbc_387,1,0.5699651361674953,0.5277349391374685,0.5818042281647506,0.5320400660577712,0.4898380637168884,0.5830078125,0.45789584517478943
bkbc_388,1,0.19401887937554615,0.4578408823154017,0.11734383555320757,0.125662251452045,0.05456814914941788,0.16105034947395325,0.17990872263908386
bkbc_389,0,0.5414141736326984,0.5277349391374685,0.5514336690655526,0.2805052650391842,0.20816515386104584,0.2043507844209671,0.21493422985076904
bkbc_39,1,0.633880018606157,0.46012978691762857,0.6412121979056499,0.5843273156529795,0.6202461123466492,0.5455485582351685,0.5413885712623596
bkbc_390,1,0.6925281449939884,0.4836366609254054,0.6969723281522956,0.8741838495402263,0.8503300547599792,0.9068875312805176,0.8326802849769592
bkbc_391,1,0.5537328141325502,0.557373316173227,0.5391639239227912,0.7950384270159028,0.9632481932640076,0.8869332671165466,0.8441788554191589
bkbc_392,0,0.4214628839078419,0.4578408823154017,0.39539799847197327,0.6861573983713453,0.6901369094848633,0.6464213132858276,0.6128820180892944
bkbc_393,1,0.4326785980002366,0.46012978691762857,0.42943765991643557,0.290396171646227,0.42066091299057007,0.30492255091667175,0.30820050835609436
bkbc_394,1,0.5796541018819275,0.4578408823154017,0.620909124063356,0.4646878426507806,0.4900786578655243,0.43665340542793274,0.47551673650741577
bkbc_395,1,0.19995620426350663,0.4578408823154017,0.12305398616231217,0.15573834584085602,0.1529930830001831,0.1820804923772812,0.16765911877155304
bkbc_396,1,0.6023329966513173,0.4578408823154017,0.652131449920006,0.7595169361031051,0.7979979515075684,0.7697327733039856,0.7623646259307861
bkbc_397,1,0.2574893953671153,0.4582565336924098,0.19288450249436262,0.22781069022882866,0.2544991374015808,0.16660036146640778,0.26912957429885864
bkbc_398,1,0.5542042493215025,0.46968324111472437,0.5805219607188812,0.5452726945157049,0.41417044401168823,0.3382788896560669,0.39690589904785156
bkbc_399,1,0.3727498871099543,0.4639651577844973,0.33393527632271364,0.20751455967421759,0.2090502679347992,0.154391348361969,0.2321964055299759
bkbc_4,1,0.4631032798537717,0.4578408823154017,0.45471079743326975,0.31294611643183334,0.21432077884674072,0.26006796956062317,0.31600669026374817
bkbc_40,0,0.5134527266562802,0.557373316173227,0.4959426319814285,0.45998728950473206,0.2829129099845886,0.44324278831481934,0.4756133258342743
bkbc_400,1,0.6264240589285429,0.48114182163501945,0.6762403878177599,0.5424692152803781,0.49359357357025146,0.5858955979347229,0.6864451169967651
bkbc_401,1,0.7148676839396961,0.4811300863361937,0.7253532263427678,0.8168244827937938,0.7857471704483032,0.7240211367607117,0.7355520725250244
bkbc_402,0,0.2613218155107159,0.47540929481060307,0.19719272270940874,0.36389022036281576,0.3587392270565033,0.3315083384513855,0.37564486265182495
bkbc_403,1,0.45378419687405286,0.4578408823154017,0.44135620733765735,0.6261438073250113,0.449311226606369,0.4954800605773926,0.5936993956565857
bkbc_404,0,0.4059984130952239,0.43026540032295724,0.4072741983839823,0.33814242088146534,0.2322365790605545,0.20123295485973358,0.22981518507003784
bkbc_405,1,0.5722978705759605,0.5332346901296999,0.5715216212825405,0.7134597087616019,0.6338552832603455,0.6952597498893738,0.6414793729782104
bkbc_406,0,0.22642342399649587,0.4526913286938935,0.2223958970124195,0.19195654747799376,0.2580171823501587,0.3164324462413788,0.2627149224281311
bkbc_407,1,0.7099232743363613,0.4520254889897111,0.7158639966360351,0.8133508091166899,0.8689078092575073,0.8271664977073669,0.7874457836151123
bkbc_408,1,0.6974844714746496,0.5105407121352976,0.7019521356145371,0.7858145094428826,0.7823676466941833,0.8423108458518982,0.7692902088165283
bkbc_409,0,0.17088719122347118,0.4526913286938935,0.16699140761495637,0.2347691749434989,0.19315604865550995,0.19814532995224,0.22549279034137726
bkbc_41,1,0.5978289287836933,0.4578408823154017,0.6459808688855627,0.7176907679919898,0.7818050384521484,0.7149731516838074,0.7532789707183838
bkbc_410,1,0.2988573027991749,0.4811300863361937,0.2894910308838062,0.4737122581632625,0.39801421761512756,0.3285488188266754,0.33728936314582825
bkbc_411,0,0.4780523134843456,0.4392701058460849,0.4777961030052939,0.3763807881539001,0.40807628631591797,0.44924673438072205,0.46039101481437683
bkbc_412,0,0.14309805257448324,0.4000890422008117,0.1393969787461487,0.13309201012586666,0.18147048354148865,0.12201918661594391,0.16533465683460236
bkbc_413,0,0.4808686832495534,0.5105407121352976,0.48318605598750625,0.507831866645309,0.558846652507782,0.45632362365722656,0.45216047763824463
bkbc_414,0,0.556633861636602,0.4578408823154017,0.5886521158741322,0.4692371355535085,0.4212650954723358,0.49545711278915405,0.4656341075897217
bkbc_415,0,0.6352392082444901,0.43026540032295724,0.6393021541141022,0.5092144362581156,0.41943326592445374,0.3394530713558197,0.4402715265750885
bkbc_416,1,0.6805484315338504,0.47540929481060307,0.74380728072346,0.8399897830474383,0.7528234124183655,0.8157721757888794,0.7466903924942017
bkbc_417,1,0.5448765749100715,0.5223623093152875,0.5330102598073155,0.42297908999297446,0.3092912435531616,0.33814772963523865,0.39680805802345276
bkbc_418,1,0.47962094006477685,0.4525588478065164,0.4783349737565017,0.7799584832526177,0.6601575613021851,0.775256872177124,0.7745007276535034
bkbc_419,0,0.4260458325535594,0.4578408823154017,0.4018710728100863,0.17124673906371035,0.24662452936172485,0.22795851528644562,0.20899824798107147
bkbc_42,1,0.6906808653091047,0.5626818301332169,0.7056914620641638,0.7760793565431351,0.9623042345046997,0.8468189239501953,0.7863903045654297
bkbc_420,0,0.22244473713927013,0.47061693343894995,0.2114350608503886,0.22405702816682424,0.26006460189819336,0.28362056612968445,0.2729342579841614
bkbc_421,1,0.7059491483042611,0.5063719620907746,0.7068845238209482,0.819204559728134,0.8825817108154297,0.8771348595619202,0.8664685487747192
bkbc_422,1,0.6449013988983991,0.47540929481060307,0.6997936726096231,0.5619235278705831,0.6934278011322021,0.7194810509681702,0.7500101327896118
bkbc_423,0,0.5883902840318721,0.4582565336924098,0.6264485393119309,0.5376547044825061,0.5018216967582703,0.43370673060417175,0.5076425671577454
bkbc_424,0,0.24993547318330883,0.48114182163501945,0.18448384775859825,0.314244907185034,0.2375212460756302,0.2887232005596161,0.3771326243877411
bkbc_425,0,0.4491363595610356,0.4578408823154017,0.43470936623969847,0.3815310396496834,0.34713467955589294,0.26658743619918823,0.29228493571281433
bkbc_43,0,0.19267259932300104,0.4568271319924765,0.19134801927865083,0.3968575145338135,0.2736310660839081,0.2724735736846924,0.49014097452163696
bkbc_44,0,0.5738445598113059,0.4836366609254054,0.5773127446921218,0.4010387512006141,0.36690014600753784,0.3525429964065552,0.34691646695137024
bkbc_45,0,0.3326757609973839,0.46012978691762857,0.3250890923917003,0.327731437410398,0.27708345651626587,0.34624725580215454,0.3096911907196045
bkbc_46,0,0.5146449156693167,0.4578408823154017,0.5288113566194645,0.5246572714992718,0.360349178314209,0.46939757466316223,0.49883851408958435
bkbc_47,0,0.5681168564489298,0.5105407121352976,0.5715216212825405,0.46491946300315806,0.49792712926864624,0.4612416923046112,0.4784366190433502
bkbc_48,1,0.5796541018819275,0.4578408823154017,0.620909124063356,0.6411062408314239,0.6185168623924255,0.6714097857475281,0.63054358959198
bkbc_49,1,0.47962094006477685,0.4582565336924098,0.4783349737565017,0.394770944177715,0.5347856879234314,0.4296460449695587,0.31371524930000305
bkbc_5,1,0.6023329966513173,0.4578408823154017,0.652131449920006,0.5917211312937523,0.7730520963668823,0.6771344542503357,0.6445702910423279
bkbc_50,0,0.5099556971223849,0.4578408823154017,0.5220783074746209,0.30016938997960585,0.36682748794555664,0.34631749987602234,0.3280191421508789
bkbc_51,1,0.45880698833708256,0.44967782591470196,0.45696624421973603,0.1889510312511016,0.22438016533851624,0.2565034031867981,0.2224370241165161
bkbc_52,0,0.4780523134843456,0.46012978691762857,0.4777961030052939,0.3442929767610255,0.3279723525047302,0.32007721066474915,0.39324066042900085
bkbc_53,0,0.22279763593178448,0.4392701058460849,0.2114350608503886,0.2628876490466792,0.35801494121551514,0.32741427421569824,0.2876824736595154
bkbc_54,0,0.47962094006477685,0.46968324111472437,0.4783349737565017,0.2894903539597638,0.25118106603622437,0.24902233481407166,0.365811288356781
bkbc_55,0,0.3915879981349447,0.47540929481060307,0.35877811244568736,0.27943614216750123,0.20554515719413757,0.24143964052200317,0.23583225905895233
bkbc_56,1,0.6752401024476767,0.47061693343894995,0.6847960401892131,0.5110509663021735,0.44002237915992737,0.4880862832069397,0.5623052716255188
bkbc_57,1,0.6449013988983991,0.4582565336924098,0.6997936726096231,0.5839826241706163,0.5729026794433594,0.5331147909164429,0.6864812970161438
bkbc_58,1,0.5766031789975689,0.47061693343894995,0.5816536657468532,0.4947482461399296,0.43362969160079956,0.4586673378944397,0.47292011976242065
bkbc_59,1,0.5380359426253764,0.4578408823154017,0.5622714887575864,0.47616466339259655,0.4491732716560364,0.5325383543968201,0.47790536284446716
bkbc_6,1,0.5542042493215025,0.48114182163501945,0.5805219607188812,0.41842875113983713,0.38789549469947815,0.486197292804718,0.6014306545257568
bkbc_60,1,0.5842201532284631,0.4578408823154017,0.6272439410775011,0.6169130432117945,0.6407946944236755,0.6684102416038513,0.6548096537590027
bkbc_61,1,0.1799678287908733,0.3557303995235857,0.17863751469329237,0.2935171462810124,0.20236214995384216,0.21267901360988617,0.3265460729598999
bkbc_62,0,0.12868581236716928,0.44967782591470196,0.1177723947890936,0.1686329079510676,0.17398057878017426,0.2235974222421646,0.19595631957054138
bkbc_63,0,0.5812672236218845,0.5277349391374685,0.5937940089169998,0.6135638958300041,0.5839664340019226,0.5967411994934082,0.526658296585083
bkbc_64,0,0.4696724573101763,0.4582565336924098,0.464659400184945,0.5408998353711233,0.5517075061798096,0.6193617582321167,0.5660831332206726
bkbc_65,0,0.2984301895004766,0.4811300863361937,0.2894910308838062,0.21582288275160846,0.19824685156345367,0.22419361770153046,0.19313745200634003
bkbc_66,1,0.5129169788799577,0.4871301867310518,0.5021284972978804,0.5519410504124779,0.62000572681427,0.5020673274993896,0.5277140140533447
bkbc_67,1,0.3565606823608219,0.4916599746161453,0.3500322333430152,0.27362522538264544,0.26903438568115234,0.2639716565608978,0.2688533663749695
bkbc_68,0,0.6210405606364067,0.44967782591470196,0.6282782065401722,0.4013541876214446,0.4385320246219635,0.48036763072013855,0.504440188407898
bkbc_69,0,0.23842249442875132,0.4578408823154017,0.16249339507687846,0.25438013540388893,0.2175469994544983,0.2391670197248459,0.2190023511648178
bkbc_7,0,0.47145773723313433,0.5021972679980603,0.4708406221123453,0.3726983655586463,0.3097773492336273,0.3242962658405304,0.3630044758319855
bkbc_70,0,0.49588082843023124,0.4578408823154017,0.501840761266883,0.25997217916087245,0.27227848768234253,0.3310863673686981,0.286891371011734
bkbc_71,0,0.14672165427669775,0.32411080311605234,0.14516412120254338,0.25199040021843483,0.13911789655685425,0.1909206062555313,0.2512950003147125
bkbc_72,0,0.5492704593183151,0.4639651577844973,0.5738249969286988,0.2737926897853436,0.21762952208518982,0.2486414611339569,0.3469112515449524
bkbc_73,1,0.5894607671640277,0.5021972679980603,0.5951646142098168,0.6107919238767984,0.6896737217903137,0.6132098436355591,0.6203792095184326
bkbc_74,1,0.215391721459787,0.4578408823154017,0.13838014867075424,0.29822987033432374,0.29267561435699463,0.29597580432891846,0.2598946988582611
bkbc_75,1,0.6310805468320235,0.46968324111472437,0.6822192419788924,0.6850351403758556,0.7388262748718262,0.6437488794326782,0.6364635825157166
bkbc_76,1,0.5005728276158147,0.4578408823154017,0.5085905588751417,0.6839168588835978,0.7774800062179565,0.7394221425056458,0.7382724285125732
bkbc_77,0,0.6228525174071023,0.47947239324414886,0.6227572567164076,0.5471112484083355,0.49910610914230347,0.5782795548439026,0.48021697998046875
bkbc_78,0,0.47244820913153035,0.4578408823154017,0.4681308583145828,0.3326761719326764,0.3270381689071655,0.3848622143268585,0.3597662150859833
bkbc_79,1,0.3853459820821252,0.4578408823154017,0.34508880527011565,0.21481961641596478,0.2797034978866577,0.22381643950939178,0.21422699093818665
bkbc_8,0,0.40327336120156637,0.4578408823154017,0.3698902431889835,0.28702687820706774,0.21853835880756378,0.20780661702156067,0.27295124530792236
bkbc_80,1,0.687526994446154,0.43026540032295724,0.691945831608702,0.8839867974226956,0.8397399187088013,0.9018430113792419,0.8689782619476318
bkbc_81,1,0.20936203516560312,0.4811300863361937,0.19781852833772154,0.26205696261769434,0.21100923418998718,0.2269352227449417,0.2251121550798416
bkbc_82,1,0.6979946363953723,0.44967782591470196,0.7083708950993661,0.5728464291490826,0.6527859568595886,0.6053889989852905,0.6793932318687439
bkbc_83,0,0.3942200696589135,0.47061693343894995,0.3889990319153039,0.46879029717145826,0.4823976755142212,0.4676775634288788,0.4467240869998932
bkbc_84,0,0.11191722484462721,0.44967782591470196,0.1014631525198293,0.17740926206334878,0.235076442360878,0.2593408524990082,0.21425257623195648
bkbc_85,0,0.24425573714987722,0.5277349391374685,0.23519756750158344,0.4765019192745762,0.2921660840511322,0.24005085229873657,0.326467365026474
bkbc_86,0,0.6170412037945611,0.48114182163501945,0.6641098050671239,0.5058506141253758,0.603530764579773,0.5589367747306824,0.5285521149635315
bkbc_87,0,0.5781877210147937,0.4925141029030664,0.5937940089169998,0.5062917274712997,0.4326480031013489,0.4599354565143585,0.47764185070991516
bkbc_88,0,0.32683086069995404,0.44967782591470196,0.3189986557636017,0.34502439289881554,0.2910833954811096,0.45148739218711853,0.46091121435165405
bkbc_89,1,0.6498966661536626,0.47947239324414886,0.650153879903522,0.9155313280680534,0.9061570167541504,0.9418603777885437,0.9183860421180725
bkbc_9,0,0.5497514236154591,0.4925141029030664,0.5636411242228653,0.3971107687748507,0.5544105768203735,0.49869081377983093,0.5004685521125793
bkbc_90,0,0.12275311574287003,0.38866089983267466,0.1170690349052065,0.2625854537976072,0.15094541013240814,0.20110878348350525,0.3353683650493622
bkbc_91,0,0.5983740474858631,0.4871301867310518,0.5937940089169998,0.4842171263405396,0.27274951338768005,0.33875879645347595,0.30158093571662903
bkbc_92,1,0.5563247626544559,0.5223623093152875,0.5453056735664209,0.5671772568665998,0.5561440587043762,0.48687922954559326,0.45762941241264343
bkbc_93,0,0.5506073700767353,0.5223623093152875,0.5391639239227912,0.5368329226157607,0.4226416349411011,0.42828020453453064,0.3743353486061096
bkbc_94,1,0.6114268899257886,0.3835542249091568,0.6174284627010523,0.674666685358287,0.738740086555481,0.6706677675247192,0.6843785047531128
bkbc_95,1,0.5333678073902309,0.4578408823154017,0.555614774089679,0.8874796043301724,0.9308586716651917,0.8415835499763489,0.8189636468887329
bkbc_96,0,0.13168033400463527,0.46012978691762857,0.12070188987909809,0.33598157374066,0.2976073920726776,0.30547285079956055,0.2803998589515686
bkbc_97,0,0.6173442699799009,0.4526913286938935,0.6171758863088528,0.4347951272002712,0.346195787191391,0.42857420444488525,0.4484841823577881
bkbc_98,1,0.4344737549207811,0.40409909722153553,0.43615111389295863,0.3810773130191661,0.5308884978294373,0.5573157668113708,0.44748422503471375
bkbc_99,1,0.3796801871943619,0.5223623093152875,0.3577050600495709,0.41843184107789666,0.3260766565799713,0.33923032879829407,0.27106207609176636
