feature,gain
feature_1002,0.07571182
feature_5664,0.056118045
feature_4764,0.038360406
feature_3329,0.037094627
feature_3801,0.034644548
feature_2925,0.02679829
feature_1177,0.026651908
feature_0740,0.026623566
feature_5841,0.024690777
feature_0595,0.023387413
feature_6288,0.023099195
feature_5285,0.020366546
feature_1956,0.019986691
feature_4289,0.017100556
feature_0456,0.016276943
feature_3020,0.015823748
feature_0499,0.015156717
feature_5380,0.014757391
feature_1299,0.013910442
feature_2666,0.013663166
feature_2569,0.013352551
feature_2011,0.01325602
feature_3660,0.0127987
feature_1884,0.012604961
feature_6370,0.012426053
feature_2295,0.012228125
feature_5177,0.012185171
feature_5393,0.0119613055
feature_2833,0.011842869
feature_5575,0.011731165
feature_3524,0.0115610715
feature_6098,0.011426626
feature_5885,0.011243872
feature_1768,0.011165657
feature_3136,0.011148373
feature_0614,0.010851985
feature_0280,0.010755238
feature_0921,0.010622031
feature_2020,0.010099339
feature_4345,0.010066354
feature_3160,0.010064905
age,0.010046046
feature_1760,0.010016992
feature_0639,0.009978757
feature_5059,0.009839481
feature_6391,0.009721388
feature_4281,0.009705105
feature_1171,0.009575305
feature_1788,0.009518395
feature_4243,0.009305096
feature_0954,0.009305006
feature_6472,0.008921218
feature_6260,0.00885213
feature_6058,0.008802714
feature_5453,0.008781598
feature_6121,0.008669275
feature_2753,0.008545315
feature_4696,0.008541806
feature_2264,0.008187257
feature_0697,0.008017502
feature_2224,0.007829174
feature_3154,0.00746833
feature_5554,0.007417974
feature_5112,0.0067913495
feature_1570,0.0066919974
feature_0181,0.0058556222
feature_5080,0.0
feature_2433,0.0
sex,0.0
feature_0276,0.0
feature_6483,0.0
feature_0770,0.0
feature_0795,0.0
feature_1438,0.0
feature_1583,0.0
feature_1608,0.0
feature_6133,0.0
feature_1981,0.0
feature_2198,0.0
feature_2517,0.0
feature_5084,0.0
feature_2737,0.0
feature_5810,0.0
feature_3041,0.0
feature_0187,0.0
feature_3343,0.0
feature_3358,0.0
feature_3385,0.0
feature_3447,0.0
feature_3957,0.0
feature_4119,0.0
feature_4760,0.0
baseline_egfr_23,0.0
