model,fold,n_samples,n_ati,n_features,auc,log_loss
Starter XGBoost,0,86,40,6595.0,0.7782608695652173,0.5681093690663138
Starter XGBoost,1,85,40,6595.0,0.6794444444444444,0.7364400457730786
Starter XGBoost,2,85,40,6595.0,0.7588888888888888,0.6276249695237015
Starter XGBoost,3,85,40,6595.0,0.7744444444444445,0.594567543038251
Starter XGBoost,4,85,40,6595.0,0.7694444444444445,0.6026854379251219
Selected XGBoost,0,86,40,93.0,0.817391304347826,0.5306127265749511
Selected XGBoost,1,85,40,93.0,0.7211111111111111,0.6108192430363785
Selected XGBoost,2,85,40,93.0,0.7922222222222223,0.5527274729949326
Selected XGBoost,3,85,40,93.0,0.8005555555555556,0.5355527305000258
Selected XGBoost,4,85,40,93.0,0.7922222222222222,0.5571299856684255
Selected Ridge LR,0,86,40,83.0,0.8103260869565216,0.5311548427181138
Selected Ridge LR,1,85,40,83.0,0.6627777777777778,0.6572575258227855
Selected Ridge LR,2,85,40,83.0,0.7866666666666667,0.5507859379239172
Selected Ridge LR,3,85,40,83.0,0.7666666666666666,0.5675433581622943
Selected Ridge LR,4,85,40,83.0,0.8044444444444444,0.5424716380788016
Selected Shrinkage LDA,0,86,40,123.0,0.8217391304347825,0.5810196307792801
Selected Shrinkage LDA,1,85,40,123.0,0.6505555555555556,0.9135594650368067
Selected Shrinkage LDA,2,85,40,123.0,0.7783333333333333,0.616827892047066
Selected Shrinkage LDA,3,85,40,123.0,0.7122222222222223,0.9273113933004177
Selected Shrinkage LDA,4,85,40,123.0,0.8522222222222222,0.5164900296906264
Selected PLS LR,0,86,40,263.0,0.779891304347826,1.2757012096623996
Selected PLS LR,1,85,40,263.0,0.7144444444444444,1.3215997921262126
Selected PLS LR,2,85,40,263.0,0.6811111111111112,1.4357124752126362
Selected PLS LR,3,85,40,263.0,0.7227777777777779,1.2004367831358629
Selected PLS LR,4,85,40,263.0,0.7677777777777778,1.0683712813863009
Selected Ensemble (XGB + Ridge + PLS),0,86,40,,0.8467391304347825,0.5027401658992814
Selected Ensemble (XGB + Ridge + PLS),1,85,40,,0.7388888888888889,0.6033976784381851
Selected Ensemble (XGB + Ridge + PLS),2,85,40,,0.8027777777777778,0.5369876207054208
Selected Ensemble (XGB + Ridge + PLS),3,85,40,,0.7961111111111111,0.5454855134248359
Selected Ensemble (XGB + Ridge + PLS),4,85,40,,0.8111111111111111,0.5357992162657632
