sample_id,ati,prob_starter_xgboost,prob_selected_xgboost,prob_selected_ridge_lr,prob_selected_shrinkage_lda,prob_selected_pls_lr,prob_selected_ensemble_xgb_plus_ridge_plus_pls
bkbc_0,1,0.9846238493919373,0.9560635685920715,0.9706850091008348,0.9990053518565317,0.996529357601075,0.9675433699316645
bkbc_1,1,0.97576504945755,0.8937411308288574,0.9582064843159401,0.9912930723158503,0.9999999652973258,0.9335321367893483
bkbc_2,1,0.9407030940055847,0.9457607269287109,0.9805970050626571,0.9966966883799829,0.9997062942373585,0.9667419849345681
bkbc_3,0,0.1484166532754898,0.5266112089157104,0.3884170960871385,0.2355796444293299,0.07164713457598333,0.4072347760181797
bkbc_4,1,0.39243900775909424,0.386602520942688,0.37346828464484166,0.5176898556808778,7.13005659527014e-06,0.3237535448795709
bkbc_5,1,0.5869348645210266,0.71889728307724,0.6725610103040252,0.8497753847549299,0.7667300247889391,0.7089277734079054
bkbc_6,1,0.41797900199890137,0.4364127814769745,0.45126624974704505,0.28424189549149204,0.8652725611057782,0.5062375316812211
bkbc_7,0,0.10835587233304977,0.2380068302154541,0.2901647903243315,0.15876822660643072,0.13051252665927315,0.24118112992231158
bkbc_8,0,0.23239587247371674,0.24680808186531067,0.23316017805974368,0.04151018368632195,0.0009250557510258692,0.20487590354010815
bkbc_9,0,0.5299534797668457,0.4243074655532837,0.3155737804770903,0.011180761934046886,0.13277433334302052,0.34034603224355264
bkbc_10,0,0.35457897186279297,0.23811395466327667,0.30364194397440347,0.4035070309433804,0.9991415531176817,0.3765134504765543
bkbc_11,1,0.8823502659797668,0.7177197933197021,0.7077411274183272,0.7772442904213822,0.8392775778962156,0.7322613546226705
bkbc_12,1,0.11345651745796204,0.22648270428180695,0.20232149151162732,0.16362897239279517,0.9732645709292963,0.3295603355539639
bkbc_13,1,0.11238911002874374,0.2686060667037964,0.22303535252579895,0.19640294208906728,0.19195920786591592,0.24024787363225522
bkbc_14,1,0.1931232064962387,0.225155308842659,0.25025310960804237,0.05704116560966757,0.06075166512943045,0.20978094856886656
bkbc_15,0,0.8963446617126465,0.5865486860275269,0.6945041456588312,0.40576121893887473,0.7957100364780559,0.6578664086586888
bkbc_16,0,0.24724754691123962,0.11435499042272568,0.10339210285677541,0.0007191974357530334,2.4542583713490227e-06,0.09314584159867093
bkbc_17,0,0.586757242679596,0.40780362486839294,0.3720238374529279,0.2792888385428074,0.0005585685673742069,0.333478345079518
bkbc_18,0,0.4743368327617645,0.34733226895332336,0.32994636843498426,0.32652117959251586,0.0009101523182319032,0.28893616826627416
bkbc_19,1,0.8289557695388794,0.9182596802711487,0.890177432049894,0.3963283321067908,0.005577539537993595,0.7709669273193112
bkbc_20,0,0.24100026488304138,0.6011733412742615,0.5505305221198369,0.4872101886742424,0.0009049139532891447,0.4923952340889785
bkbc_21,0,0.08740118891000748,0.17660437524318695,0.18782131655615433,0.031023255223062127,0.0004594657602725287,0.1543329071065477
bkbc_22,1,0.8771871328353882,0.6620999574661255,0.7090399057887733,0.8056965489187674,0.9977488835292122,0.7298150772549681
bkbc_23,0,0.9656436443328857,0.3327907621860504,0.5322117301629712,0.5822910263897303,0.9340217935551798,0.4967611750428805
bkbc_24,0,0.7285380363464355,0.49152225255966187,0.5538440128800491,0.15459075121705299,0.004769317527185219,0.4415683636233337
bkbc_25,0,0.16512320935726166,0.4448336064815521,0.3529768426264176,0.7986560343310557,0.9990572256794951,0.49398014673484375
bkbc_26,1,0.2295726090669632,0.35142090916633606,0.49063811119884565,0.3545650857950847,0.0060408905035954285,0.3511242711189535
bkbc_27,1,0.7351443767547607,0.5101067423820496,0.485259384105458,0.6018829662796816,0.9926917269732559,0.5733009675083917
bkbc_28,1,0.8458549380302429,0.875610888004303,0.9653555745504971,0.9998911725017172,0.9997300368041094,0.9274342943463658
bkbc_29,1,0.9462376832962036,0.8595441579818726,0.82585700451116,0.9899877935771701,0.9994077730532136,0.86805945345841
bkbc_30,1,0.14146319031715393,0.43510696291923523,0.31726966785852334,0.1100830110163363,0.3095565357920893,0.37267459967769995
bkbc_31,0,0.35361793637275696,0.516854465007782,0.3712133773653611,0.16731827853774503,0.30156666299339085,0.4306740922779276
bkbc_32,0,0.14731667935848236,0.30393365025520325,0.18338919352984492,0.12641892507712696,0.06278057636736276,0.22315924018364458
bkbc_33,0,0.44860684871673584,0.4257117211818695,0.4227817331134601,0.24356995297340453,0.45778297000616025,0.4294383129202016
bkbc_34,0,0.14666391909122467,0.14155562222003937,0.1896756323786337,0.416302485664616,0.9841364462565283,0.2857471495841926
bkbc_35,0,0.18406127393245697,0.16362422704696655,0.20238146031889528,0.012552493947442234,0.0008144756765192187,0.1535429406520131
bkbc_36,1,0.7759816646575928,0.6704263687133789,0.674156393234157,0.17623412120673215,0.3760477634563161,0.6276496869975073
bkbc_37,0,0.3385215997695923,0.5964032411575317,0.5399514436587357,0.9873298605176052,0.30091106914044113,0.5311922502804136
bkbc_38,1,0.9243577718734741,0.8532333374023438,0.8982879246955017,0.8920090333988837,0.6520778198858131,0.8397302070733326
bkbc_39,1,0.874126672744751,0.3668926954269409,0.5513449486238693,0.554202264749654,0.9462827346002785,0.522048534985805
bkbc_40,0,0.32412219047546387,0.3636173903942108,0.5583502184389263,0.31495137367570686,0.17618202313309786,0.40755323168158863
bkbc_41,1,0.8772572875022888,0.801353931427002,0.6481033830927707,0.414432192292752,0.9737875051891867,0.7705162646076641
bkbc_42,1,0.9873732924461365,0.9280860424041748,0.8854941441903267,0.9488425818744332,0.9998072362648772,0.9230852191441563
bkbc_43,0,0.24053090810775757,0.342504620552063,0.36127286577072487,0.21307528365445166,0.8787914185082819,0.4298918909764007
bkbc_44,0,0.19156382977962494,0.2915578782558441,0.3582584580846019,0.03895618797246905,0.00893575409803315,0.27384377416881284
bkbc_45,0,0.21138212084770203,0.1993785798549652,0.3330547218459904,0.06515809620855498,0.0004024052426590356,0.21899232619979858
bkbc_46,0,0.17411033809185028,0.34971871972084045,0.4197530041095309,0.9169071361333057,0.9872449824447834,0.4712603443532474
bkbc_47,0,0.4938245713710785,0.3996301591396332,0.5016487706676076,0.3516058180803882,0.7033259054370843,0.4829314073496014
bkbc_48,1,0.6735002994537354,0.7083074450492859,0.6237415685214615,0.8264109679054602,0.9795186566080994,0.7176997524678128
bkbc_49,1,0.7682386636734009,0.5171138644218445,0.35379212131413934,0.26249343666547975,0.8168398167401024,0.5016437123197323
bkbc_50,0,0.33645981550216675,0.2739422023296356,0.2822848042777471,0.15362636347007522,0.9697234262776475,0.38139614864263865
bkbc_51,1,0.049059998244047165,0.22309823334217072,0.19171867574873724,0.10059505788182775,0.427740284577995,0.24218410471797397
bkbc_52,0,0.2798449695110321,0.3023044168949127,0.22607012961429293,0.06584467664136322,0.7537902440483536,0.3418206046740995
bkbc_53,0,0.31859898567199707,0.2716469168663025,0.2541395249354352,0.002151526425594321,3.728383580772986e-05,0.22442773689730736
bkbc_54,0,0.14375130832195282,0.32217612862586975,0.24025223454887426,0.12439747889237684,0.26486760614304616,0.2832680094449579
bkbc_55,0,0.11404482275247574,0.24694456160068512,0.26214862405266676,0.4280427564934967,0.002542576041750897,0.2159097668740782
bkbc_56,1,0.4464951455593109,0.43183931708335876,0.5091707668838646,0.9352080555709934,0.9960198920203861,0.5450790397501001
bkbc_57,1,0.6500402092933655,0.6679812073707581,0.6503128521652317,0.6474490573279162,0.3844894437284668,0.6189201513983696
bkbc_58,1,0.524558424949646,0.3027727007865906,0.43107459033591305,0.02258903891321141,1.2003841456964315e-05,0.3048302953780698
bkbc_59,1,0.441990464925766,0.4254549741744995,0.45997303764572034,0.06393049066257109,0.2403779374240592,0.4104651021462852
bkbc_60,1,0.551726222038269,0.6905741691589355,0.6752033860402518,0.4273704511162192,0.9365665718183449,0.7217858398039338
bkbc_61,1,0.22326010465621948,0.4408309757709503,0.2722357760362892,0.1395444355996817,0.9979644462873923,0.462020772446592
bkbc_62,0,0.020113687962293625,0.10352326929569244,0.124252999859124,0.020604048975380585,0.0003702422648079237,0.09572031554952945
bkbc_63,0,0.6462926864624023,0.740513801574707,0.5256521211350962,0.45551749949235726,0.03380787511089136,0.5550090908424787
bkbc_64,0,0.7131090760231018,0.5471165776252747,0.443862050276521,0.06652197156663123,2.9045435316896256e-05,0.4268492726777421
bkbc_65,0,0.02966362051665783,0.11861377209424973,0.14602236258764217,0.010371420590811666,6.491152462113064e-05,0.11097262149136064
bkbc_66,1,0.1837599128484726,0.6219414472579956,0.6047492551840941,0.7659478272003425,0.9983207939660297,0.6720372381968572
bkbc_67,1,0.07047394663095474,0.23576626181602478,0.20180399579298405,0.08691884933921008,0.010222429444622259,0.1893686485317893
bkbc_68,0,0.5186708569526672,0.5200748443603516,0.44264352650977934,0.15363096809176263,0.0015114290746816048,0.4136407444627893
bkbc_69,0,0.17009219527244568,0.09112365543842316,0.24168577074963007,0.006421232197762648,0.9092878751660051,0.26955627106270696
bkbc_70,0,0.05268041044473648,0.4370426535606384,0.27856440787579767,0.49588554241518723,0.21487886358411082,0.3450811341607682
bkbc_71,0,0.06377102434635162,0.24672521650791168,0.15943101555991102,0.0017816825814043905,6.1702873442975175e-09,0.17741758060650778
bkbc_72,0,0.045558132231235504,0.25130581855773926,0.22673851192899683,0.11023726473180911,0.9991835886114292,0.35439758061315807
bkbc_73,1,0.7520284652709961,0.7379621863365173,0.6315408666878451,0.32467265433089854,0.3489443051438324,0.6402336158876059
bkbc_74,1,0.28475305438041687,0.19779664278030396,0.15842600852120403,0.010258959398267448,0.04999277542310723,0.16105892800085747
bkbc_75,1,0.8324333429336548,0.8674421310424805,0.8293059194468353,0.8578120631095949,0.2784528182573102,0.7649833358343162
bkbc_76,1,0.697074294090271,0.8495550155639648,0.8256608762839484,0.8164105708859545,0.8726017311462156,0.8441711913676964
bkbc_77,0,0.6862642765045166,0.562656044960022,0.49047549890716347,0.15720188715193006,0.04220754451406247,0.4578819678535704
bkbc_78,0,0.7804238796234131,0.4110632836818695,0.4634265563153574,0.7972437069983891,0.7546807552150546,0.48198031528623775
bkbc_79,1,0.2839069366455078,0.298668771982193,0.1807713358266178,0.027606732293933834,0.07091152498904947,0.22088313355565864
bkbc_80,1,0.9107758402824402,0.9440917372703552,0.9660595434074706,0.9981493392484265,0.9966350115719287,0.9601013166863239
bkbc_81,1,0.14787377417087555,0.19054444134235382,0.2279396393804003,0.239503644920275,0.8102249683557062,0.2973327436684339
bkbc_82,1,0.8088085651397705,0.8672489523887634,0.7982358046207483,0.9970085919821662,0.9993160728025139,0.8615241557766604
bkbc_83,0,0.24420474469661713,0.6373141407966614,0.48074484470883877,0.46069317852221786,0.0795397514317219,0.4957173428394261
bkbc_84,0,0.042115844786167145,0.09723251312971115,0.14006552227968316,0.013888121483851759,0.0002158857655343874,0.09852823241057428
bkbc_85,0,0.1888503134250641,0.3580946922302246,0.41638525189269465,0.1565879560080471,0.6627893328680672,0.4253663954010149
bkbc_86,0,0.3441842198371887,0.622395396232605,0.5680560500897691,0.31075768478637544,0.8031672052406352,0.6294056095109601
bkbc_87,0,0.7039040327072144,0.47327935695648193,0.45942841234229553,0.5850624611314831,0.0270667928520746,0.40122262283357185
bkbc_88,0,0.5235070586204529,0.22945845127105713,0.2989245133326517,0.09437177494587962,0.00030931001866353174,0.22078852304598806
bkbc_89,1,0.9762543439865112,0.9485978484153748,0.9550834164784954,0.9986609595804069,0.999992424570849,0.9587066950220504
bkbc_90,0,0.04563666507601738,0.19859498739242554,0.23225788990518462,0.47501093688230533,0.03765364026198782,0.18690905925258072
bkbc_91,0,0.3200307786464691,0.4888061583042145,0.5449872056663205,0.7095921764116149,0.026825757957108596,0.44029608577612783
bkbc_92,1,0.383765310049057,0.42845574021339417,0.6739607720241282,0.9582930022210782,0.9971827454813049,0.6046016527735524
bkbc_93,0,0.5148307085037231,0.5312297940254211,0.5779356909516379,0.7785643240713114,0.2318662873625124,0.503606449888685
bkbc_94,1,0.9129772186279297,0.66583251953125,0.6628216888439216,0.9471960753939843,0.8402833732446482,0.6908861402339481
bkbc_95,1,0.9407869577407837,0.9386653304100037,0.9193341373614418,0.9984140817996952,0.9999995950614112,0.9407129286797469
bkbc_96,0,0.11280570924282074,0.25579869747161865,0.21346503254767282,0.04656453475052628,0.0001701349281686614,0.20179095706824118
bkbc_97,0,0.22620320320129395,0.38832351565361023,0.41010273942353453,0.06719057918030173,0.0002985948907023736,0.33817809033404606
bkbc_98,1,0.5099765658378601,0.37504997849464417,0.34110583151394674,0.6188914219709672,0.24720013731663223,0.3433131679350843
bkbc_99,1,0.670559287071228,0.27522873878479004,0.4657300826297726,0.6215786440475468,0.8807007063201293,0.4365350311377345
bkbc_100,1,0.8903891444206238,0.792169988155365,0.7600746720578067,0.6978026882597236,0.9889451882762987,0.8098110012174083
bkbc_101,0,0.4390016794204712,0.2697712779045105,0.3915407630686592,0.199860122234412,0.05647784844045796,0.2828319729956376
bkbc_102,0,0.4933474659919739,0.4310343563556671,0.4314357359367418,0.2751430591368675,0.9331767060178893,0.506504219249998
bkbc_103,0,0.5265701413154602,0.4586050808429718,0.46113273389343595,0.7278113175280999,0.7808275038660177,0.5078736759251004
bkbc_104,0,0.04972505196928978,0.12062562257051468,0.2724502189280429,0.1469901425721817,6.770381851539851e-06,0.15870789539450064
bkbc_105,1,0.9715761542320251,0.8941436409950256,0.8753342242988884,0.9880574558438215,0.9620423823170465,0.8973689680157579
bkbc_106,1,0.6864137053489685,0.526200532913208,0.513556617110826,0.7587088657639465,0.9914506074901968,0.591309795252875
bkbc_107,1,0.773505449295044,0.7366318702697754,0.7702246381704387,0.9825856504940806,0.7446925789933434,0.7502703007015559
bkbc_108,0,0.7151191234588623,0.2934419810771942,0.41180605115272334,0.07792955233031525,0.014498191863409999,0.2953951186230724
bkbc_109,0,0.08832612633705139,0.08138206601142883,0.19309132242932403,0.025687192842060228,0.8653082743989579,0.2403034221441794
bkbc_110,1,0.8791487812995911,0.8812557458877563,0.7856237091284254,0.5565634208890651,0.2814602332057275,0.7559025653844995
bkbc_111,1,0.2987914979457855,0.4264489710330963,0.3962289568308604,0.3395656190839589,0.904837867989795,0.4870259003217738
bkbc_112,1,0.841079592704773,0.9087525010108948,0.9520112315461347,0.9996676359398473,0.9999976655214705,0.9384450059855198
bkbc_113,1,0.7584061026573181,0.7102435231208801,0.5756982461372097,0.8046426634959464,0.0026235788031420664,0.5543187789892613
bkbc_114,1,0.07381659001111984,0.34058552980422974,0.13798152607023803,0.11213294022097466,7.480043883865471e-08,0.21453423017208417
bkbc_115,0,0.0415053516626358,0.07721087336540222,0.20323337925665852,0.055583844576923495,0.0008580052629432523,0.1123862703297982
bkbc_116,1,0.8762027025222778,0.6904617547988892,0.6876821774778477,0.5289958379722728,0.9566414723321872,0.7293602688200984
bkbc_117,1,0.2520832419395447,0.23232409358024597,0.4013794777776601,0.4637597549780773,0.2085005338636926,0.2913010517758062
bkbc_118,0,0.7671171426773071,0.679428219795227,0.6552273285654393,0.805494758196428,0.9301164625581219,0.7080771264546397
bkbc_119,0,0.03391595557332039,0.08672273904085159,0.18629193294547003,0.0845762263195619,0.21821681315634917,0.14328745190288505
bkbc_120,0,0.07694847136735916,0.17794576287269592,0.25143084294512846,0.42652178896064136,0.6555699209164723,0.2767788662060624
bkbc_121,0,0.7760736346244812,0.6403511762619019,0.4951233545372198,0.8341668274760151,0.9933499927549797,0.6395667046977311
bkbc_122,1,0.9611851572990417,0.9345594048500061,0.9818723033288633,0.997441165037472,0.9716193637341125,0.9576241711197993
bkbc_123,0,0.7271936535835266,0.7787770628929138,0.762720112191356,0.39314188626447144,8.926951779761681e-05,0.65603282212707
bkbc_124,1,0.9413710236549377,0.8330227136611938,0.7613599279282354,0.6812949582065828,0.9985947878065935,0.8313432940618091
bkbc_125,0,0.2152746170759201,0.34783676266670227,0.43062818694845045,0.8716426258228241,0.9870342864376577,0.4743492182165924
bkbc_126,1,0.9113464951515198,0.8708845973014832,0.8732798494203994,0.9901988709987158,0.9999969269160937,0.8911376900276737
bkbc_127,1,0.9457157254219055,0.7361504435539246,0.6957664311493701,0.9712537734355186,0.11705503482902305,0.6283440476555041
bkbc_128,1,0.4819994270801544,0.4105944037437439,0.461490206132062,0.6706520236903996,0.44498441799762034,0.43458435276550306
bkbc_129,0,0.10343285650014877,0.5488322377204895,0.40091477701662426,0.6112554496901227,0.02613038593646166,0.4156974994924552
bkbc_130,0,0.18584421277046204,0.21815402805805206,0.33225886265403637,0.05804210773103529,0.0004406509239588086,0.22771581028845228
bkbc_131,0,0.14094042778015137,0.14974366128444672,0.16930313760603358,0.22836443571956808,0.006767895195923175,0.13553430261015534
bkbc_132,0,0.3016301989555359,0.24611833691596985,0.19136621727410613,0.3522042348295217,0.9999999187726439,0.3389422899269814
bkbc_133,1,0.6517548561096191,0.7085385322570801,0.5417393403781312,0.5000287241440814,0.41994420176194347,0.6035336816875986
bkbc_134,1,0.22873800992965698,0.4983844757080078,0.5570235829738688,0.9847563494795657,0.9999769857454213,0.5953198219019884
bkbc_135,1,0.5130575895309448,0.645199716091156,0.6614809670199969,0.8263419053886419,0.5129723465631535,0.6313896735056267
bkbc_136,1,0.7472309470176697,0.740984320640564,0.7517203710121784,0.6136617477837686,0.9980517061499058,0.7835167671044626
bkbc_137,0,0.38749170303344727,0.3415050208568573,0.32447897695412414,0.4514167325263183,0.9793648390448033,0.4308843573410379
bkbc_138,1,0.10068278014659882,0.28410714864730835,0.2248843960784773,0.1962414624111419,0.24225918672064228,0.25591753590784094
bkbc_139,0,0.022208450362086296,0.09255244582891464,0.12715032269437818,0.031062081450820126,0.011250523885143124,0.09315837197757042
bkbc_140,1,0.902829110622406,0.9295985698699951,0.8902950044936558,0.9953901258502434,0.9901268732666908,0.9241354961902539
bkbc_141,1,0.5325308442115784,0.4820058345794678,0.4562181312634992,0.8929851232277385,0.918234316637206,0.5378986566612202
bkbc_142,0,0.30061134696006775,0.11567231267690659,0.27321504995539697,0.6640491257577784,0.11757214628694136,0.17424810051145323
bkbc_143,1,0.6612168550491333,0.47672560811042786,0.23563496392985686,0.1933056386847656,0.9998226888781374,0.465986631878773
bkbc_144,0,0.04281159117817879,0.1798809915781021,0.2995415080120361,0.3970038699323658,0.032212147580398,0.20200505605900207
bkbc_145,0,0.9704917073249817,0.8485764861106873,0.8100907945468007,0.84423950836603,0.9231616054680735,0.8455245481356571
bkbc_146,1,0.6194452047348022,0.5171513557434082,0.44448706215100214,0.05960345799336915,0.16310791587483686,0.4371590511339323
bkbc_147,1,0.8477551937103271,0.8484920263290405,0.8088024869026275,0.6991856685185472,0.26412014904571013,0.7461511151487681
bkbc_148,0,0.7645413875579834,0.5010690689086914,0.7204925960178242,0.5411648272739886,0.02032798093812636,0.5101446107434857
bkbc_149,0,0.9566089510917664,0.9496301412582397,0.9248927309054613,0.9965664688323319,0.9999986195047963,0.9480325711646952
bkbc_150,0,0.4118333160877228,0.37439796328544617,0.47100341672682433,0.09681981997154918,0.5090914097988859,0.430345998035772
bkbc_151,0,0.21746103465557098,0.2817538380622864,0.16920349068679888,0.018565886761099704,0.0012875571516421794,0.19804026739675937
bkbc_152,1,0.7226283550262451,0.8327556848526001,0.895958407943197,0.9695347278548794,0.8471257360500904,0.8582962000757445
bkbc_153,1,0.9843931794166565,0.8776172399520874,0.9509260018105153,0.999541180999979,0.9987667932569853,0.9229139148354404
bkbc_154,0,0.6159798502922058,0.5117097496986389,0.5626232003169034,0.5197362445246781,0.9986788922060498,0.6035930978035084
bkbc_155,0,0.3211060166358948,0.46362677216529846,0.7009092990087584,0.7026684152043348,0.7181058020212931,0.5895931615757779
bkbc_156,0,0.4354622960090637,0.638929009437561,0.4327255108030649,0.07190380958011301,0.6893667386973312,0.570199374331763
bkbc_157,0,0.1821547895669937,0.3143252432346344,0.49988376319658134,0.3750503865865012,0.001117654387199345,0.3360007572934395
bkbc_158,1,0.7747762203216553,0.9281810522079468,0.8339668791487356,0.5828654805483111,0.8553936101503585,0.8824036918674004
bkbc_159,0,0.5048288702964783,0.22940458357334137,0.1872344883481217,0.014152142882856494,0.0009306875037358097,0.1795305639295693
bkbc_160,1,0.8518671989440918,0.9042564630508423,0.881003518264124,0.9836802309563081,0.9999940344177312,0.9100135091847898
bkbc_161,0,0.1459641456604004,0.24869053065776825,0.33235847825417186,0.2769876634390901,0.0023927479842004956,0.2427030038674024
bkbc_162,0,0.06693366914987564,0.252733051776886,0.15982027842302896,0.4243571607551189,0.9418481566755018,0.3217225913707512
bkbc_163,0,0.5353425145149231,0.31137681007385254,0.47836196559811933,0.5057197515614392,0.6881134866212518,0.4296718190999411
bkbc_164,0,0.5529425144195557,0.5156600475311279,0.6182050789223489,0.21286646468384593,0.058370835067649035,0.48500832727635784
bkbc_165,1,0.85041743516922,0.8814519643783569,0.8297520319252649,0.9633223687438269,0.3282106560875539,0.7793367931270925
bkbc_166,0,0.4341842532157898,0.5235745310783386,0.4222950523129952,0.29096276235438256,0.5907766643827292,0.4961814439308201
bkbc_167,1,0.8236086964607239,0.6252193450927734,0.5926923748868588,0.038342603405667405,9.204339496271127e-05,0.5194152708619134
bkbc_168,1,0.9539444446563721,0.8136032223701477,0.8169058451298244,0.8902605656203555,0.9975495976940625,0.8424171490898152
bkbc_169,1,0.8504133224487305,0.8882750272750854,0.8716713008511038,0.9120006794643359,0.9937537621825923,0.8979534587343382
bkbc_170,0,0.5730845928192139,0.6222366094589233,0.7059714315690316,0.4338212945442433,0.00027941474674028383,0.559924914432836
bkbc_171,0,0.06773753464221954,0.11345599591732025,0.17529090266386665,0.1362966274485083,7.337887162528994e-05,0.11932751885668816
bkbc_172,0,0.11847032606601715,0.2381155788898468,0.21954176018306046,0.026239670312869078,0.0011712241023652784,0.19570161275021364
bkbc_173,1,0.1226814016699791,0.2988051176071167,0.1910484517162517,0.023682888228291687,0.08983845072090293,0.22759015119456458
bkbc_174,0,0.13353295624256134,0.5527346134185791,0.5008587605508742,0.9486743570148127,0.7368832472110345,0.5611628429263966
bkbc_175,1,0.5410065650939941,0.48316583037376404,0.3932881387562722,0.7121989751987735,0.9155860303146844,0.5147741144664301
bkbc_176,1,0.8328821063041687,0.8276037573814392,0.7065918050199473,0.9546165107776412,0.9991035318086907,0.808554301171775
bkbc_177,1,0.5796818137168884,0.5622649192810059,0.5169893759198572,0.41620540425518987,0.9940060999005624,0.6102741453303143
bkbc_178,1,0.9466462135314941,0.7769418954849243,0.6969185806593537,0.5913777412900666,0.013145762312081307,0.6327638490235367
bkbc_179,0,0.7465906143188477,0.7662829160690308,0.6174499043167495,0.05445388812472432,0.02752589192686214,0.6004011480993614
bkbc_180,1,0.31228846311569214,0.49861380457878113,0.5858866559370989,0.3564386306317661,0.8182005025424901,0.578842764275915
bkbc_181,1,0.22611476480960846,0.25503671169281006,0.3799132804435896,0.289675017941217,0.06397699870911493,0.2725820851830442
bkbc_182,1,0.19722667336463928,0.6358414888381958,0.4983467502557905,0.47559266569480985,0.9714491095607027,0.6353095786710818
bkbc_183,1,0.6017038822174072,0.3815982937812805,0.4662360468157985,0.9708409731186836,0.9968330164184502,0.5051994707996277
bkbc_184,0,0.6447961330413818,0.6008731722831726,0.5369144569992103,0.32049898175843466,0.8665855749781017,0.6170653080323459
bkbc_185,0,0.024616936221718788,0.07031846791505814,0.10489237918810287,0.06969106974045007,0.053898354219904215,0.0806477980318116
bkbc_186,1,0.2980518341064453,0.45252206921577454,0.3885998692867528,0.5314922560334996,0.11964037938591783,0.378938601767558
bkbc_187,1,0.8654097318649292,0.8764637112617493,0.8822051822300219,0.9310140650304465,0.9897935357875572,0.8955875291988813
bkbc_188,0,0.07108084857463837,0.13708922266960144,0.17822903806282087,0.09253395590874537,0.0862649832476597,0.14468731845180136
bkbc_189,0,0.21359840035438538,0.23757585883140564,0.32019116868198266,0.12960514061701103,0.0003222239385102195,0.2325554782421848
bkbc_190,0,0.12810711562633514,0.27890482544898987,0.17680249156596373,0.07609717591192147,0.01058114306242771,0.20087840955428587
bkbc_191,0,0.20024742186069489,0.28856420516967773,0.38676615240612344,0.6715072370599477,0.18357688410015588,0.30915082748673434
bkbc_192,0,0.39477917551994324,0.4509690999984741,0.4286694348311862,0.4179569718049121,0.6791949922240976,0.4769521077204211
bkbc_193,1,0.9753754138946533,0.8594553470611572,0.8070279421484352,0.9626977925835521,0.9999228132954532,0.8611273271785944
bkbc_194,1,0.33397209644317627,0.6130747199058533,0.6160671475595438,0.610443799178779,0.001803043712516637,0.5224911667087183
bkbc_195,0,0.22676295042037964,0.41420212388038635,0.44155915694580394,0.35559500872234434,0.11875499221627785,0.38000715636497456
bkbc_196,0,0.5312262177467346,0.522883951663971,0.5109282223672136,0.5083603961399061,0.04656697789413007,0.4470127857586946
bkbc_197,0,0.11162371933460236,0.22001083195209503,0.20711745893893177,0.10524788244799274,0.16951662674894097,0.20766615315675152
bkbc_198,1,0.4079569876194,0.3483356535434723,0.3702933551963809,0.2408003502636887,0.04083654010168579,0.31033513613878044
bkbc_199,1,0.9544098377227783,0.912220299243927,0.8566793945679968,0.5953288563299126,0.09775151175625056,0.7694998463906814
bkbc_200,1,0.12260136753320694,0.15011730790138245,0.2055299680290104,0.06287995017742835,0.0015772033618974264,0.14833897646768202
bkbc_201,1,0.15205004811286926,0.37475964426994324,0.2668242208012858,0.010618303171206687,0.013251937494339457,0.2805973815701994
bkbc_202,1,0.8222314715385437,0.6942665576934814,0.6919155266877721,0.5908243622356407,0.9881505285723777,0.7374792718532035
bkbc_203,1,0.6329399943351746,0.7365680932998657,0.706530269621339,0.9600649702976882,0.9957766923649055,0.7643353883985669
bkbc_204,0,0.43039780855178833,0.3763786554336548,0.25703600547710126,0.017650335280116915,4.292236387450565e-08,0.2757650830730363
bkbc_205,1,0.3652302324771881,0.3176414966583252,0.28197004254173,0.587739663508225,0.9655798194529246,0.40163380705437485
bkbc_206,0,0.8491143584251404,0.40399760007858276,0.5126445859108071,0.8105600889454537,0.8950245434321322,0.5178510263395382
bkbc_207,0,0.5092729330062866,0.35699066519737244,0.41043242866084906,0.23240060575626076,0.20138058233501613,0.35342260524950536
bkbc_208,0,0.4136408865451813,0.6626668572425842,0.7667890203820716,0.9685202241393073,0.0472889973390273,0.608885378618661
bkbc_209,0,0.1012706458568573,0.08017739653587341,0.11631053959933828,0.03085126742487872,0.08551261625594704,0.09434694242736645
bkbc_210,1,0.9199522137641907,0.7419366836547852,0.869985556902097,0.8997009338704864,0.9529379289720182,0.8209649535538754
bkbc_211,0,0.04003451019525528,0.14887866377830505,0.1440941388208338,0.028386648041600116,0.001330575496175563,0.12497617630172127
bkbc_212,0,0.7635633945465088,0.3290282189846039,0.5283075129695884,0.4842264283284399,0.879434559882203,0.485322508893688
bkbc_213,0,0.19808226823806763,0.5301912426948547,0.48651912265021946,0.8878808021701554,0.8906360196876145,0.5680992748272536
bkbc_214,1,0.4896477460861206,0.7016398310661316,0.7428990240306484,0.8790173206180639,0.4390404718979101,0.6775158285877696
bkbc_215,0,0.2594279944896698,0.3016754984855652,0.31815856517564,0.6801019614893805,0.8690815387127365,0.3928851391949686
bkbc_216,0,0.973499596118927,0.9053045511245728,0.7429476671836873,0.7231429441407572,0.1292516176452432,0.7288245640445458
bkbc_217,1,0.4281173348426819,0.27696114778518677,0.30800655535341803,0.5140646185840329,0.6086252051400389,0.3381975571886602
bkbc_218,0,0.14517906308174133,0.31802815198898315,0.3045418254923816,0.3632769426106123,0.22792118352673835,0.29952216591590386
bkbc_219,1,0.2750406861305237,0.5953409075737,0.6411597229036361,0.5125567273543125,0.9998974050108765,0.6729773438613528
bkbc_220,0,0.17231543362140656,0.11738447099924088,0.20434461521710304,0.25925953084780107,0.00041259713674276865,0.13201394328047517
bkbc_221,0,0.18402142822742462,0.1347242146730423,0.20925496983946804,0.3604311675481074,0.9992744585806107,0.2919831306707551
bkbc_222,0,0.3376883268356323,0.15934325754642487,0.2602048321719449,0.20677894775242597,0.25944350372709113,0.2116770770849672
bkbc_223,1,0.24815186858177185,0.7398573756217957,0.6864032973900908,0.7212717706813634,0.04471241273629456,0.6158076222432397
bkbc_224,1,0.9715894460678101,0.9163339734077454,0.964827462740554,0.9815518667748148,0.9999983106347576,0.9468262150449364
bkbc_225,1,0.11617377400398254,0.16421440243721008,0.14645944585588905,0.01474437683212813,0.00039371749487667244,0.1330719657607713
bkbc_226,0,0.12747997045516968,0.11718868464231491,0.16932922072327464,0.08644546763433503,0.0005266028112967588,0.11898137071761729
bkbc_227,1,0.4953469932079315,0.6359332203865051,0.4937099600744638,0.22159466265096067,0.9790554812592267,0.6347789532019581
bkbc_228,0,0.58596271276474,0.48335233330726624,0.535616952812078,0.3105042763215818,0.04102769587157531,0.4363415469086929
bkbc_229,0,0.10336006432771683,0.2852453887462616,0.36501668509071217,0.05284284325164586,0.3656564478109709,0.3268224272534147
bkbc_230,1,0.875058114528656,0.7404675483703613,0.6234103932943559,0.05279516443294407,0.27150166398021613,0.6268115183337174
bkbc_231,0,0.19994524121284485,0.32792261242866516,0.5384432486537859,0.1124840240076446,0.00023904567735636404,0.3566627128192635
bkbc_232,1,0.0960044413805008,0.26475438475608826,0.2565895525418961,0.36730887858785016,0.8467783245298819,0.34903698780290615
bkbc_233,0,0.1306043416261673,0.1837012767791748,0.17429181347278036,0.9475704580518056,0.9998329384275609,0.30263952460306676
bkbc_234,0,0.4610670208930969,0.2868039906024933,0.2416111144544154,0.19505272103063254,0.9990984072552991,0.37692678892562537
bkbc_235,0,0.31779107451438904,0.4182780385017395,0.670590620970875,0.9920772391615833,0.9992991091095549,0.598786854606492
bkbc_236,1,0.5791500210762024,0.5498675107955933,0.41011397753355766,0.7647147495228797,0.9797936593332124,0.562647625769283
bkbc_237,1,0.6750259399414062,0.6774358153343201,0.8227860378916452,0.9894133603642269,0.9999506048063888,0.7795926161013407
bkbc_238,0,0.47691208124160767,0.21232269704341888,0.2149720123030022,0.07321737456624539,0.9990658676759253,0.3313144192843407
bkbc_239,1,0.17154891788959503,0.4508744776248932,0.45408033867427555,0.7428822448791814,0.868485538882762,0.5147023054018449
bkbc_240,1,0.7279863357543945,0.6644807457923889,0.6633879067639746,0.9862880739372126,0.9957345703827031,0.7137644690404228
bkbc_241,1,0.913244366645813,0.9110686182975769,0.8488708265923945,0.794219494214433,0.9845835346337015,0.8990826728170781
bkbc_242,1,0.7487305402755737,0.6628128290176392,0.715063344631432,0.5905884899934274,0.7902078176017365,0.7012547680823571
bkbc_243,0,0.05825800821185112,0.21972250938415527,0.2133619204973511,0.03130914084612555,4.613072174697876e-07,0.18441078428449706
bkbc_244,0,0.35240253806114197,0.3385540843009949,0.3269955145792743,0.37994332365345723,0.16056309119028322,0.3075787645373515
bkbc_245,0,0.7154292464256287,0.6002401113510132,0.47766604931828005,0.1389517550813775,0.0805007603120412,0.4769268057430561
bkbc_246,0,0.3618203401565552,0.29440516233444214,0.3036606967262952,3.530725614250026e-05,3.2020401601570845e-10,0.25366893575729205
bkbc_247,0,0.7743591666221619,0.6341153383255005,0.5894178289523183,0.04326155461212615,0.0006129358177346712,0.5225518994812582
bkbc_248,1,0.7706427574157715,0.6782280206680298,0.5891798350076302,0.3965050878008816,0.5755481149662331,0.6298782061184124
bkbc_249,0,0.02128874696791172,0.17006856203079224,0.19657755904544047,0.01453946204129651,0.002131345813240935,0.15468630849357937
bkbc_250,1,0.6171894073486328,0.3504563271999359,0.4007607483098041,0.14990262771016863,0.08021991945557681,0.32853350184893326
bkbc_251,0,0.02683914266526699,0.10627038031816483,0.1595563774653052,0.14872159542828428,0.027438041247042556,0.11416134840193842
bkbc_252,1,0.7626554369926453,0.6241725087165833,0.540040013828162,0.9595770438009908,0.999953861071985,0.6494106884611777
bkbc_253,0,0.01675489731132984,0.08651524782180786,0.09101734829824193,0.010745748051940984,6.269913694333034e-06,0.07520467831187144
bkbc_254,1,0.7578684687614441,0.722188413143158,0.4253135121170811,0.001994679619644394,0.839128985256159,0.6298857855804596
bkbc_255,0,0.28191572427749634,0.1406349539756775,0.0835095302942806,0.022616722896586495,0.0003873288134443043,0.09846140343922566
bkbc_256,1,0.8563437461853027,0.547419548034668,0.6421850587357139,0.7586324533469967,0.7573799865835571,0.6139768527763882
bkbc_257,0,0.06337511539459229,0.056620463728904724,0.16086072207575788,0.12639669485501484,0.00048629940461724866,0.08676923466859726
bkbc_258,1,0.7188750505447388,0.6338688731193542,0.6443232699526464,0.9570068685004433,0.4137294468453485,0.6047160860065715
bkbc_259,0,0.259804904460907,0.3984993100166321,0.3415348931388169,0.11917930792334722,0.36648655363002447,0.37262056231384927
bkbc_260,0,0.3354431092739105,0.4419919550418854,0.4803116700539936,0.0831382407061331,0.9375154148029864,0.5304987685605305
bkbc_261,0,0.17176346480846405,0.1297210305929184,0.1946916548955572,0.031788074212373695,0.3352848079373386,0.1845947281865578
bkbc_262,0,0.19038745760917664,0.1923288255929947,0.3719309988828734,0.2587570613262638,0.6749227796469061,0.3311707228183365
bkbc_263,0,0.43897074460983276,0.5501652359962463,0.5289675673400349,0.31407642106106043,0.012000534207662802,0.4615973933251606
bkbc_264,0,0.23300714790821075,0.12419953942298889,0.22241786010507622,0.367924670025547,0.36849566576416903,0.19718473702653821
bkbc_265,1,0.1822851151227951,0.29400625824928284,0.1985165405561237,0.08158787597384157,0.85990461744142,0.3435598165816345
bkbc_266,1,0.9043073058128357,0.9362262487411499,0.915360849593852,0.997446096994439,0.9939858059364045,0.9371699846359378
bkbc_267,1,0.26976072788238525,0.7514251470565796,0.6621237695221747,0.932384489570624,0.9861357452513216,0.753590227098061
bkbc_268,0,0.7350167036056519,0.5915974974632263,0.7261938861456209,0.9342498069267259,0.36341048133914683,0.6071701088571003
bkbc_269,0,0.14027731120586395,0.25551027059555054,0.13592206899063097,0.005756326204436354,0.004519408317115447,0.17361400665996501
bkbc_270,0,0.0685243085026741,0.21504919230937958,0.19909397614932348,0.32245425734839805,0.8298718219052752,0.3013691567695431
bkbc_271,1,0.1375841349363327,0.28331923484802246,0.27451898976618344,0.9606553479972223,0.725422181728263,0.3463785861997781
bkbc_272,0,0.11410893499851227,0.0751037448644638,0.12604696873287718,0.03735893296779775,0.0044299439157823185,0.08335166755347453
bkbc_273,0,0.6986115574836731,0.38104248046875,0.4045877907742374,0.6479782429749037,0.11318567860981907,0.3495757250029407
bkbc_274,1,0.8687493205070496,0.9313947558403015,0.9640256531052124,0.9998782868635167,0.9999989874844737,0.9537588225749444
bkbc_275,1,0.11997620761394501,0.2614579498767853,0.23645205252306123,0.06049681976387901,0.00022190851657542652,0.2130203616518759
bkbc_276,1,0.7470953464508057,0.44825413823127747,0.48865515724203,0.45260581664652,0.9991869685989918,0.545842439820413
bkbc_277,0,0.47559815645217896,0.22757625579833984,0.29717313608904655,0.033284209785370084,0.3708544733682125,0.2748188341413822
bkbc_278,0,0.9723818302154541,0.9269555807113647,0.9283307728093226,0.8638904954684115,0.9902944934219687,0.9369652386941998
bkbc_279,0,0.7626033425331116,0.6014906764030457,0.7124885612696011,0.9999430816092788,0.9782918157515009,0.6990800647059394
bkbc_280,0,0.06273575872182846,0.1151079386472702,0.20958724037793675,0.3946959071013523,0.8160608400873961,0.2552082155036357
bkbc_281,0,0.9574721455574036,0.9101869463920593,0.933857949916237,0.980449068105786,0.9999969324282951,0.9324167156014405
bkbc_282,1,0.25321847200393677,0.2722415626049042,0.3954193399642828,0.21110589793582818,0.3996253028018318,0.3369249012574134
bkbc_283,1,0.9147278666496277,0.9258575439453125,0.9449412672304901,0.8167744688421571,0.17028798054092092,0.8195830870501695
bkbc_284,0,0.2666522264480591,0.27557656168937683,0.26152188515452673,0.29960842723846143,0.1262123504703325,0.24797169968862567
bkbc_285,0,0.2227809876203537,0.204515740275383,0.18949318172465626,0.03276615306822329,0.11727496733719125,0.18587127767088535
bkbc_286,1,0.47827500104904175,0.5884808301925659,0.571155673259744,0.48557377810575897,0.05189469115483979,0.5015826012717629
bkbc_287,0,0.5320755839347839,0.5816305875778198,0.40415014111810726,0.5350762259525296,0.03305192319504917,0.4336760227303106
bkbc_288,0,0.03709150478243828,0.08702490478754044,0.07902871906078643,0.002665541424917268,0.022615791059656644,0.07440494900945889
bkbc_289,1,0.8846538662910461,0.9220743179321289,0.9070362755150381,0.8383027509015748,0.9997189472998697,0.9281569366429664
bkbc_290,1,0.5879490971565247,0.5186862349510193,0.4935745238557983,0.794679495856031,0.9964670002209514,0.5810620166362773
bkbc_291,0,0.2646106481552124,0.28086593747138977,0.41989978652269405,0.3556070266359561,0.3691664224380989,0.3455535343653787
bkbc_292,0,0.35964730381965637,0.37470340728759766,0.37933627202307596,0.16480317096085895,0.9334380030526804,0.46022775660448706
bkbc_293,0,0.10003925114870071,0.2262457013130188,0.3183004435556348,0.07554534468460129,0.8718997572924582,0.3571540643397026
bkbc_294,0,0.7236933708190918,0.8388285636901855,0.7180698596032881,0.7549113338638731,0.1518282058881491,0.691097789507728
bkbc_295,0,0.5013130903244019,0.37298935651779175,0.3669962952998802,0.2852129006541135,0.8857929981581435,0.4476924701132172
bkbc_296,0,0.15652962028980255,0.10612039268016815,0.24446132902727624,0.028347613542480478,0.8407415139346957,0.26749970731677725
bkbc_297,1,0.8585193753242493,0.6649110317230225,0.6350374220125898,0.6450111816167412,0.09956751117221449,0.5690562680475412
bkbc_298,1,0.08581512421369553,0.15235942602157593,0.14273113885969807,0.4473939332738936,0.0097239567216829,0.12740163937669718
bkbc_299,1,0.35757383704185486,0.1736549437046051,0.20626972841513405,0.3841295142240682,0.999732144131706,0.3096339941115659
bkbc_300,0,0.11881115287542343,0.16829480230808258,0.16873426688546794,0.16185963230335965,0.0001430009154325064,0.14323463399281766
bkbc_301,0,0.37052637338638306,0.3071012496948242,0.5162928690467092,0.377506614505347,0.012350708731500393,0.3402895677105231
bkbc_302,0,0.7965662479400635,0.4821619987487793,0.5525377905929342,0.09290954416829418,0.0009420802168193375,0.43601805395132254
bkbc_303,0,0.5818896293640137,0.4256279766559601,0.48235502338372127,0.25564102234044195,0.102158729406355,0.3980965968577909
bkbc_304,0,0.11750546842813492,0.15161974728107452,0.3207978998909093,0.37271062833274404,0.2531032525597477,0.22943818953851436
bkbc_305,0,0.10070521384477615,0.16687430441379547,0.17322775910872287,0.14947085559530002,7.75855287463743e-06,0.1441951007717805
bkbc_306,0,0.1222706064581871,0.20374225080013275,0.36168174883818094,0.47542413533984806,0.0017300456623835097,0.23187803430354817
bkbc_307,1,0.5368292927742004,0.4746769666671753,0.5104192696255553,0.9542316965519059,0.9999551838026304,0.5666933513320942
bkbc_308,1,0.9040875434875488,0.881081223487854,0.9307131135544298,0.9157610277182813,0.6833622080046152,0.8697871704900012
bkbc_309,1,0.8570853471755981,0.2077377885580063,0.4899954605890819,0.24404651572894076,0.09877284005749454,0.2958283849344275
bkbc_310,0,0.69588702917099,0.8407987356185913,0.7893824299718585,0.7499501723678358,0.5875917823770722,0.7837936595430722
bkbc_311,1,0.9645559191703796,0.955143392086029,0.9884196678782575,0.9924047521036563,0.9968296967706229,0.9737085598318427
bkbc_312,0,0.38878166675567627,0.48793989419937134,0.24601132509321832,0.1304711456934267,0.00043332260484342663,0.3253003378909155
bkbc_313,0,0.8947272896766663,0.8822360038757324,0.7303122012315815,0.9465400706899096,0.999919350721888,0.84367669892432
bkbc_314,0,0.14021241664886475,0.08472076058387756,0.15338809645796186,0.0853228798843925,0.0021945005895256616,0.09774873585813597
bkbc_315,0,0.21400143206119537,0.3596244752407074,0.49968815066341765,0.5040485341148696,0.0755926638162568,0.36884326343344254
bkbc_316,0,0.8348246812820435,0.770649254322052,0.5486342048238401,0.47550701099226567,0.13240755823275324,0.5927674315943187
bkbc_317,1,0.7835270762443542,0.8487102389335632,0.7788239537720656,0.7743707381191707,0.9988364806375827,0.8453712496794119
bkbc_318,1,0.6795089244842529,0.4919319152832031,0.4756383478226166,0.803634501431859,0.26645368572325695,0.4520815608887942
bkbc_319,0,0.12471573799848557,0.18627487123012543,0.200751071231658,0.10205233813839255,0.02331911481166502,0.16718770176792339
bkbc_320,0,0.31445926427841187,0.4606885612010956,0.5234211082556125,0.5529056996493122,0.13243257724783258,0.4346612060182774
bkbc_321,1,0.6231666207313538,0.5211166739463806,0.661153102151344,0.8640440677420066,0.7578864154381474,0.608445613605982
bkbc_322,0,0.374198317527771,0.38352447748184204,0.2081442235330658,0.06094458950116759,0.03898833085699416,0.26695336152706767
bkbc_323,1,0.13664744794368744,0.36841416358947754,0.5648021869997276,0.5560643919533914,0.5736214332081857,0.47185882269407625
bkbc_324,1,0.1790034919977188,0.16978730261325836,0.29437396428015783,0.9815070215887773,0.9997632896115328,0.3403807654797523
bkbc_325,1,0.4185611307621002,0.2691487669944763,0.33967036496778646,0.17878245043606614,0.00583261882499082,0.2557443360191783
bkbc_326,1,0.47293227910995483,0.3248682916164398,0.3077443719342519,0.2590009943770862,0.01785613082857223,0.27248061721585015
bkbc_327,1,0.9677897691726685,0.9043803811073303,0.8568221885483583,0.5447549648348062,0.002241200313676091,0.7514629727414626
bkbc_328,0,0.07739520072937012,0.1506050080060959,0.3959572064315046,0.47663506087744345,0.6391301250627447,0.31466408898199444
bkbc_329,1,0.4643383324146271,0.5742648839950562,0.5959160151646213,0.9479412409996152,0.9999918319295003,0.6461348447179618
bkbc_330,1,0.4471988081932068,0.5485769510269165,0.5820781138640331,0.5241201704954657,0.9980316303896312,0.6283905831810568
bkbc_331,0,0.34104984998703003,0.2574216425418854,0.1300321469546193,0.16650431288937095,0.9746173975764945,0.3178668924297883
bkbc_332,1,0.1997845321893692,0.16572225093841553,0.26088173127687697,0.8073672752729175,0.9844461536377938,0.32373984406855294
bkbc_333,1,0.9394858479499817,0.9200791120529175,0.8968679137055074,0.9799319349835174,0.99999166709644,0.9234778519209041
bkbc_334,1,0.5394997596740723,0.6329423785209656,0.7133669289705893,0.8592835869777501,0.05138311585113202,0.5754655727868514
bkbc_335,0,0.2712264657020569,0.11019677668809891,0.24603499665273065,0.08308099045286325,0.00013356608882259652,0.1439474364851212
bkbc_336,1,0.5965377688407898,0.22640635073184967,0.3191847809097244,0.03881110991714459,0.007153513728087177,0.22784644434709894
bkbc_337,1,0.9217432141304016,0.9534276127815247,0.8902336465451185,0.9804398984373804,0.4724521574082202,0.8578995269680587
bkbc_338,0,0.17880189418792725,0.11230315268039703,0.2816790474737936,0.005435660228348884,0.001502569543040299,0.15835214628335023
bkbc_339,0,0.5134787559509277,0.5246018171310425,0.3752185008582299,0.514283932650121,0.2088446148750957,0.4219664097717098
bkbc_340,0,0.11126770824193954,0.2041149139404297,0.16158290116510973,0.6489444082270848,0.9573121224158953,0.3013576504848811
bkbc_341,0,0.26052019000053406,0.17400199174880981,0.19213384973267217,0.03268003157173337,0.004414848112462971,0.15527270765738685
bkbc_342,0,0.03506303206086159,0.1401711106300354,0.12148951755234068,0.022042059955634363,0.0003323457599987356,0.11228310646078285
bkbc_343,0,0.5653030872344971,0.7190223336219788,0.5905566019042504,0.7538295730155423,0.015522632765867746,0.5659650577580025
bkbc_344,1,0.4910547733306885,0.32977673411369324,0.42640257204073917,0.6248577977917846,0.2595065875277492,0.3549877721588086
bkbc_345,1,0.4237874746322632,0.44868752360343933,0.4227923764006617,0.63206209004607,0.9608006851126981,0.5159232933648004
bkbc_346,0,0.1298256516456604,0.22176526486873627,0.3278327608647803,0.3931146771945195,0.23113288516312883,0.26241538143143145
bkbc_347,1,0.07925979048013687,0.13510502874851227,0.12887561514844995,0.0019839621008034885,0.01984133354071068,0.11551059143531897
bkbc_348,1,0.9246786832809448,0.9187501668930054,0.9203255346743049,0.989312593198292,0.9980224882461922,0.9312239011750643
bkbc_349,0,0.14412736892700195,0.1814495474100113,0.2782610496293862,0.05281928842673422,4.068925733424017e-05,0.19005847450827845
bkbc_350,0,0.13182944059371948,0.10181529819965363,0.10016949619836636,0.08460140113588419,6.529455921803711e-05,0.085943850913112
bkbc_351,1,0.2684512734413147,0.4613942503929138,0.3128137228488667,0.4848175004467668,0.9655310116463536,0.48203996938963234
bkbc_352,1,0.7896736264228821,0.8090339303016663,0.7821887246185872,0.7491977163233084,0.9995260725189615,0.8276750255315213
bkbc_353,0,0.10819026082754135,0.19529592990875244,0.2055225712059025,0.1892022810687642,0.4898504070821091,0.24326295876470144
bkbc_354,0,0.5137907862663269,0.32544979453086853,0.4667633695137421,0.2178504728593196,0.2561425856138711,0.3673397359369821
bkbc_355,1,0.7210167050361633,0.6363582015037537,0.5758728329109297,0.6202720502402166,0.9939120262066253,0.6676116888298396
bkbc_356,1,0.8728989958763123,0.8201911449432373,0.8360195391842474,0.6706258284805665,0.9146901008370566,0.8402224941964839
bkbc_357,0,0.03897150605916977,0.12718448042869568,0.1289351131881694,0.03231305976598503,9.87294311796187e-05,0.10876935190007353
bkbc_358,1,0.40044352412223816,0.7815895080566406,0.5740551233855348,0.3864776698089846,0.9018625371717347,0.7228427400955956
bkbc_359,0,0.03422993794083595,0.07265270501375198,0.1144308801781987,0.07799350949281325,0.00017612492732570895,0.07723914281163333
bkbc_360,1,0.5833980441093445,0.5486668348312378,0.5661759689590221,0.022914497216838078,0.9999945406545396,0.6228443703320132
bkbc_361,1,0.6017921566963196,0.7262347340583801,0.5348747960881125,0.7779767862833962,0.9996644839074242,0.6964460194867377
bkbc_362,1,0.2634968161582947,0.23931163549423218,0.219978590027625,0.1590022931257701,0.5712243223292911,0.28194531169684633
bkbc_363,0,0.16529403626918793,0.2662460207939148,0.17165726354115815,0.05280283354085937,0.00011242325904959797,0.19132814098016504
bkbc_364,0,0.02095412276685238,0.048038166016340256,0.12268458667067991,0.008966749909771825,3.1447570422695073e-05,0.0684563338915583
bkbc_365,0,0.08406753838062286,0.11003526300191879,0.22437652558429275,0.03855289756680869,0.0008632079485480929,0.13596572189939155
bkbc_366,0,0.6045243144035339,0.5988985300064087,0.6252270505497902,0.3747158883694133,0.12326532465163406,0.5372951018042437
bkbc_367,1,0.36611390113830566,0.6089683771133423,0.4857712317749414,0.9481992479242425,0.8838146639531435,0.6046123763641041
bkbc_368,1,0.5875287055969238,0.6079859137535095,0.5866187186186387,0.8294927711928082,0.9998202693838983,0.6588552048981656
bkbc_369,1,0.961539626121521,0.8666324615478516,0.8326404408602799,0.6504924733704961,0.8580667858766856,0.8527705625427751
bkbc_370,1,0.7541483640670776,0.7319225668907166,0.6898662429662475,0.8369656245932723,0.9999211651492577,0.7565615167774442
bkbc_371,0,0.8505796790122986,0.794906735420227,0.5664409967711448,0.2323191189879802,0.18377869162391583,0.6187052055506198
bkbc_372,0,0.37081149220466614,0.3426957428455353,0.4622644987496398,0.25809843918395803,0.7266082291868725,0.44452305548125454
bkbc_373,0,0.10797277837991714,0.14368274807929993,0.22584917115935177,0.4090902321551286,0.9919388941689685,0.3013227465323694
bkbc_374,1,0.9603153467178345,0.8927268385887146,0.7639671070550268,0.7453796382685499,0.9994598933771853,0.8610956961395206
bkbc_375,0,0.15276779234409332,0.40540364384651184,0.22025376618560205,0.11848242796599467,0.34463361543436155,0.3277826848501526
bkbc_376,0,0.032920677214860916,0.2156619429588318,0.21681030485085886,0.06325716183330961,0.03564537654583659,0.18908435189693254
bkbc_377,1,0.392650842666626,0.22835084795951843,0.36816770782919994,0.1817370259708404,0.13167104156042247,0.2655811151514362
bkbc_378,0,0.18934643268585205,0.5112429857254028,0.3014204035866213,0.07449645438550775,0.017141346003008835,0.35949338437569456
bkbc_379,1,0.4960012435913086,0.8392148613929749,0.6272270078914174,0.46412852143493083,0.006237696393042423,0.6358327808474087
bkbc_380,1,0.466252863407135,0.6288841366767883,0.4462529377524642,0.6398159733986426,0.04923021638110096,0.47436250503043526
bkbc_381,0,0.611483633518219,0.5098848342895508,0.38886384859778345,0.0159548946437484,0.00024510607559510817,0.3886611103515035
bkbc_382,0,0.3527853190898895,0.5019204020500183,0.43026027510734466,0.2234795125224258,0.9997109078587889,0.5500747309525447
bkbc_383,0,0.8279310464859009,0.37865105271339417,0.40766008309029816,0.29201623028624263,0.3136682577025204,0.3796369747012176
bkbc_384,0,0.18193745613098145,0.20526373386383057,0.23131238342403546,0.04270058779125386,0.7704638879263183,0.2996817573104795
bkbc_385,0,0.874221682548523,0.6080963015556335,0.5958990969038526,0.1972327412978441,0.015787334179350247,0.5147369907280321
bkbc_386,0,0.7483794689178467,0.7607336640357971,0.667809691252971,0.5688881215181625,0.14537273586150176,0.6340476548800071
bkbc_387,1,0.226669579744339,0.5092825293540955,0.5289052565387737,0.7736901970202409,0.5013313713280041,0.5153502647085128
bkbc_388,1,0.01472754217684269,0.06757260113954544,0.10055016620632036,0.012987536428964667,0.0003314208012750287,0.0696881231635116
bkbc_389,0,0.12121279537677765,0.19841501116752625,0.19914258948321722,0.012385110692165921,0.007090178741163017,0.1699854902803774
bkbc_390,1,0.8702044486999512,0.9203807711601257,0.9325078739587086,0.9912360884000211,0.9915452004754965,0.9355424635929069
bkbc_391,1,0.9778261184692383,0.860916018486023,0.877457535386118,0.9911596406850058,0.9993273601460317,0.8877980809880593
bkbc_392,0,0.7404400706291199,0.573240339756012,0.5850214090447602,0.4181665241860477,0.9860986759529101,0.6395280858223835
bkbc_393,1,0.3335641622543335,0.6392186880111694,0.4256868706075071,0.8049187554835382,0.893540143344976,0.5983601338718854
bkbc_394,1,0.2544526159763336,0.41742774844169617,0.42788552562367,0.5689831111018779,0.9902629719355099,0.5072224095230985
bkbc_395,1,0.07690470665693283,0.07860607653856277,0.08614365574670808,0.0007010791991411905,0.0014975079647576769,0.06982869555950579
bkbc_396,1,0.9054847359657288,0.9082596302032471,0.8865474918369957,0.9616856441094436,0.9697627348037747,0.9094516046978132
bkbc_397,1,0.10550029575824738,0.24853311479091644,0.28233651372976976,0.5829374110516273,0.21617651202369864,0.2561868819832095
bkbc_398,1,0.29472896456718445,0.4209710657596588,0.5300060377320109,0.8683766003026168,0.9972104327654028,0.5477499104402908
bkbc_399,1,0.05941013991832733,0.19602607190608978,0.20402698501357994,0.026789239764630966,0.03650717059040337,0.17505857455850815
bkbc_400,1,0.8217501640319824,0.48605605959892273,0.5446790750724914,0.2906758162977778,0.01588172238732985,0.4372204247424042
bkbc_401,1,0.7752932906150818,0.845821738243103,0.8561601881069014,0.9905794736751394,0.9992160483710887,0.8726561112119062
bkbc_402,0,0.5755234360694885,0.1506124883890152,0.23680396180272265,0.04058321303214773,0.8269242310401279,0.2839500949497538
bkbc_403,1,0.40012863278388977,0.641732931137085,0.4807274069875608,0.9613836113089437,0.9827543458187072,0.6333140994040043
bkbc_404,0,0.24859540164470673,0.1629694700241089,0.20978195924595974,0.0844446334359179,0.0027328935770558906,0.15625460456913579
bkbc_405,1,0.6777964234352112,0.6695922613143921,0.7726936932105933,0.8749213443118018,0.9941787347335939,0.7564277621288668
bkbc_406,0,0.1832631230354309,0.22659076750278473,0.1193849231527697,0.06022008459681712,0.15902476753759998,0.17678970509850145
bkbc_407,1,0.8181502223014832,0.9055895209312439,0.8813088994056613,0.999884412960006,0.9999997248066417,0.910767221548088
bkbc_408,1,0.9272297620773315,0.8943949341773987,0.8620904391724973,0.972720990941446,0.999441045422897,0.8981991877124098
bkbc_409,0,0.02900988794863224,0.12981070578098297,0.15213514408461512,0.0976234091878215,0.9900008730935668,0.2670992730502144
bkbc_410,1,0.2903689444065094,0.6284323334693909,0.3922875427108305,0.2223991329970597,0.17708682891268,0.4733569352052169
bkbc_411,0,0.3839368224143982,0.3482908308506012,0.3678227352724175,0.4105115989457822,0.6649992622154056,0.40302390019139384
bkbc_412,0,0.05595845729112625,0.174250066280365,0.07360676525623318,0.006263500597020572,0.002009403682437285,0.11117594551174706
bkbc_413,0,0.40749409794807434,0.5425923466682434,0.5723022079355475,0.43929356781481455,0.7080743376986891,0.5784072939917128
bkbc_414,0,0.19549287855625153,0.571854829788208,0.5475234390624342,0.4764238753804096,0.0700860995547569,0.48758690568465396
bkbc_415,0,0.2752610743045807,0.500527024269104,0.5317790812127473,0.46198537201974416,0.7976394588733708,0.556657150528892
bkbc_416,1,0.9665572047233582,0.8917133808135986,0.8790271409612092,0.975097422330056,0.999196394785811,0.9031419241640464
bkbc_417,1,0.7863161563873291,0.4344640374183655,0.44685831706709817,0.18769347907149564,0.5747199414216001,0.46008830648888177
bkbc_418,1,0.8708782196044922,0.8130074143409729,0.7627244665476558,0.8746583674138295,0.9985529533575389,0.8222345545099304
bkbc_419,0,0.08061971515417099,0.10428529977798462,0.15198641254463166,0.20273877274051405,0.03058358629358385,0.1108794544789839
bkbc_420,0,0.03572161868214607,0.17528556287288666,0.2715275578541159,0.43722004729871283,0.028367900785866023,0.1888574517028884
bkbc_421,1,0.9232070446014404,0.9323862195014954,0.8966678962227992,0.9542551067329815,0.11162856429633361,0.7960567916076035
bkbc_422,1,0.9392006993293762,0.762397050857544,0.4839133154960183,0.06342684946766762,3.179812312068875e-05,0.5450032808636159
bkbc_423,0,0.23931793868541718,0.31293222308158875,0.5355923706746866,0.7722396283960363,0.984198115949601,0.4960063616212368
bkbc_424,0,0.17194117605686188,0.15092049539089203,0.1622301185393912,0.007400943526940978,0.0037676275458739155,0.133032125779084
bkbc_425,0,0.1574905961751938,0.1109585240483284,0.15532404101528788,0.0018791572413751794,0.00016288425199763502,0.1107544193566538
