seed,model,log_loss,auc
42,Selected XGBoost,0.5573056258787437,0.7832964601769912
42,Selected Ridge LR,0.5697518440674194,0.7663495575221239
42,Selected PLS LR,1.2604003104205455,0.7349115044247787
42,cat_90_d3,0.5726671185182644,0.7667699115044246
42,cat_120_d4,0.5810506949864862,0.7674115044247788
42,baseline_stable_xgb_48_37_15,0.5447831143620789,0.7970575221238938
42,xgb_ridge_cat90_40_30_30,0.559606513285885,0.7798230088495575
42,xgb_ridge_pls_cat90_33_27_15_25,0.5471814919349882,0.7940486725663717
42,xgb_ridge_cat120_40_30_30,0.5588540912132148,0.7806415929203541
42,xgb_ridge_pls_cat120_33_27_15_25,0.5465161626117819,0.7950884955752211
43,Selected XGBoost,0.5791641471959853,0.7606194690265486
43,Selected Ridge LR,0.5712224313586084,0.7649115044247787
43,Selected PLS LR,1.3626693114880613,0.7240265486725664
43,cat_90_d3,0.5865011969571347,0.7461946902654866
43,cat_120_d4,0.6011613956070054,0.7448008849557523
43,baseline_stable_xgb_48_37_15,0.5605046987924295,0.7787389380530974
43,xgb_ridge_cat90_40_30_30,0.5723083672168924,0.7626769911504425
43,xgb_ridge_pls_cat90_33_27_15_25,0.562432292019094,0.776283185840708
43,xgb_ridge_cat120_40_30_30,0.5742479415081841,0.7618141592920353
43,xgb_ridge_pls_cat120_33_27_15_25,0.5645306931876138,0.7759513274336284
44,Selected XGBoost,0.5783715611274922,0.7641150442477876
44,Selected Ridge LR,0.5777370005687295,0.7581637168141593
44,Selected PLS LR,1.3022122460732246,0.7414159292035399
44,cat_90_d3,0.5836596722814259,0.7522566371681416
44,cat_120_d4,0.6065392652553765,0.7395132743362832
44,baseline_stable_xgb_48_37_15,0.5505552797781289,0.7905309734513274
44,xgb_ridge_cat90_40_30_30,0.5721818177864222,0.7640929203539824
44,xgb_ridge_pls_cat90_33_27_15_25,0.5511313317354714,0.7886504424778761
44,xgb_ridge_cat120_40_30_30,0.576233406201074,0.7613716814159291
44,xgb_ridge_pls_cat120_33_27_15_25,0.5542910807061296,0.7854203539823009
