name,top_k,weights,mean_ll,std_ll,mean_auc,std_auc,candidate_only_ll,candidate_only_auc
pls_k220_c12,220,"{""xgb"": 0.42, ""ridge"": 0.38, ""candidate"": 0.2}",0.5589805508661291,0.0053405774034988515,0.7808480825958702,0.0033867868647025584,1.200423699595788,0.7280088495575221
lda_k120,120,"{""xgb"": 0.42, ""ridge"": 0.38, ""candidate"": 0.2}",0.562979165502261,0.0067411782012053835,0.7743879056047197,0.008721875729742569,0.742941673175407,0.7464749262536872
pls_k160_c8,160,"{""xgb"": 0.42, ""ridge"": 0.38, ""candidate"": 0.2}",0.5640150947126964,0.005922441038090969,0.7732153392330384,0.0059865610540152814,0.8702168528787874,0.7291740412979352
pls_k120_c5,120,"{""xgb"": 0.42, ""ridge"": 0.38, ""candidate"": 0.2}",0.5681431841779031,0.006099675446590333,0.768716814159292,0.007346232191944821,0.694347299854794,0.7365412979351035
enet_k100_c005_l1r01,100,"{""xgb"": 0.42, ""ridge"": 0.38, ""candidate"": 0.2}",0.569544035161014,0.005493346200599737,0.7665265486725663,0.006090342704476388,0.577285449691933,0.7593436578171091
enet_k120_c003_l1r03,120,"{""xgb"": 0.42, ""ridge"": 0.38, ""candidate"": 0.2}",0.5696513630203924,0.005096283871129838,0.7664380530973451,0.005512047264688786,0.5787803841764642,0.7565486725663716
enet_k080_c003_l1r05,80,"{""xgb"": 0.45, ""ridge"": 0.35, ""candidate"": 0.2}",0.5697130539742324,0.0050948263126403695,0.7669837758112094,0.0057435406611228475,0.5820967346562248,0.7565634218289087
pca_k120_c8,120,"{""xgb"": 0.42, ""ridge"": 0.38, ""candidate"": 0.2}",0.5702692369278233,0.005620701716111684,0.7652433628318583,0.006199271378142899,0.5846931366035379,0.7504424778761063
pca_k180_c12,180,"{""xgb"": 0.42, ""ridge"": 0.38, ""candidate"": 0.2}",0.5710290681332505,0.004845306630561975,0.764476401179941,0.0060228347641354705,0.5922060735968336,0.7453982300884956
