k,feature,count,freq
90,feature_0187,25,1.0
90,feature_0595,25,1.0
90,feature_0639,25,1.0
90,feature_0697,25,1.0
90,feature_0770,25,1.0
90,feature_1002,25,1.0
90,feature_1171,25,1.0
90,feature_1177,25,1.0
90,feature_1583,25,1.0
90,feature_1608,25,1.0
90,feature_1884,25,1.0
90,feature_1981,25,1.0
90,feature_2011,25,1.0
90,feature_2224,25,1.0
90,feature_2264,25,1.0
90,feature_2295,25,1.0
90,feature_2433,25,1.0
90,feature_2569,25,1.0
90,feature_3041,25,1.0
90,feature_3160,25,1.0
90,feature_3358,25,1.0
90,feature_3447,25,1.0
90,feature_3660,25,1.0
90,feature_3801,25,1.0
90,feature_3957,25,1.0
90,feature_4281,25,1.0
90,feature_4289,25,1.0
90,feature_4345,25,1.0
90,feature_4764,25,1.0
90,feature_5080,25,1.0
100,feature_0187,25,1.0
100,feature_0595,25,1.0
100,feature_0639,25,1.0
100,feature_0697,25,1.0
100,feature_0770,25,1.0
100,feature_1002,25,1.0
100,feature_1171,25,1.0
100,feature_1177,25,1.0
100,feature_1583,25,1.0
100,feature_1608,25,1.0
100,feature_1788,25,1.0
100,feature_1884,25,1.0
100,feature_1981,25,1.0
100,feature_2011,25,1.0
100,feature_2224,25,1.0
100,feature_2264,25,1.0
100,feature_2295,25,1.0
100,feature_2433,25,1.0
100,feature_2517,25,1.0
100,feature_2569,25,1.0
100,feature_3041,25,1.0
100,feature_3160,25,1.0
100,feature_3358,25,1.0
100,feature_3385,25,1.0
100,feature_3447,25,1.0
100,feature_3660,25,1.0
100,feature_3801,25,1.0
100,feature_3957,25,1.0
100,feature_4119,25,1.0
100,feature_4281,25,1.0
