xgb_k,ridge_k,lda_k,xw,rw,lw,mean_ll,std_ll,mean_auc,std_auc
90,80,120,0.42,0.38000000000000006,0.2,0.5646080179142089,0.00854073374537063,0.7731504424778761,0.00819487363372125
90,75,120,0.42,0.38000000000000006,0.2,0.5646143473419281,0.008089322294334794,0.7730707964601771,0.007848174968785341
90,80,120,0.4,0.4,0.2,0.5646146421367949,0.008372766182388918,0.7730796460176991,0.008013606004580445
95,75,120,0.42,0.38000000000000006,0.2,0.5646197450861721,0.008528814730119136,0.7732610619469027,0.009160315341921537
90,80,120,0.44,0.36000000000000004,0.2,0.5646208954586623,0.008711136084655366,0.773362831858407,0.008224362243338801
90,75,120,0.4,0.4,0.2,0.5646226164669225,0.00790151719665318,0.7729601769911504,0.007848393250048638
95,80,120,0.42,0.38000000000000006,0.2,0.5646239986525576,0.00892221705497616,0.7731946902654867,0.009412899156486836
90,75,120,0.44,0.36000000000000004,0.2,0.5646256061543826,0.008280143888055192,0.7730752212389382,0.008109048435922809
90,70,120,0.42,0.38000000000000006,0.2,0.5646264779071065,0.008789372258882584,0.7731858407079646,0.008728976623416996
95,75,120,0.4,0.4,0.2,0.5646287709365114,0.008332422104206861,0.7730575221238938,0.009064769744067488
95,75,120,0.44,0.36000000000000004,0.2,0.564630168671399,0.008727342223906361,0.7731814159292035,0.009365365935072477
95,80,120,0.4,0.4,0.2,0.5646316053345386,0.008743236589933845,0.7730353982300885,0.009150716347898335
90,70,120,0.44,0.36000000000000004,0.2,0.5646322458271549,0.0089340615131874,0.7732522123893805,0.008880490738077439
95,80,120,0.44,0.36000000000000004,0.2,0.5646357716867354,0.009102946567496478,0.77329203539823,0.009565206063916686
90,70,120,0.4,0.4,0.2,0.564640690613747,0.008648964660110081,0.7731725663716815,0.00879391522719564
90,80,120,0.38,0.42000000000000004,0.2,0.5646408078251668,0.008207324183611957,0.7731194690265487,0.008066579204025691
95,70,120,0.42,0.38000000000000006,0.2,0.564649277463698,0.009242613021443217,0.7733141592920354,0.010060016957524691
90,75,120,0.38,0.42000000000000004,0.2,0.5646504354208715,0.00771687591021945,0.7729867256637168,0.0077131997858126055
90,80,120,0.46,0.34,0.2,0.5646532525485759,0.00888389513861689,0.7734159292035399,0.008223924802033582
95,70,120,0.44,0.36000000000000004,0.2,0.5646541902847237,0.00939593400452629,0.77329203539823,0.009985236576418154
90,75,120,0.46,0.34,0.2,0.5646563882824577,0.008473853944919228,0.7733318584070796,0.00797877917132487
95,75,120,0.38,0.42000000000000004,0.2,0.5646572715884883,0.008138284003663336,0.7729115044247787,0.008909731810414385
90,70,120,0.46,0.34,0.2,0.5646579993548334,0.009082871916067518,0.7731283185840708,0.008973558782586114
95,80,120,0.38,0.42000000000000004,0.2,0.5646586326471259,0.008566100487215556,0.7729823008849558,0.00906313619995838
95,75,120,0.46,0.34,0.2,0.564660033077919,0.008927899907330313,0.7733761061946902,0.009591755411256642
95,70,120,0.4,0.4,0.2,0.5646641816176412,0.009092535468535426,0.7731814159292035,0.009924994276813726
95,80,120,0.46,0.34,0.2,0.5646669003178811,0.009285340755378148,0.7733893805309735,0.009632388682947161
90,70,120,0.38,0.42000000000000004,0.2,0.56467489672856,0.008513015186497084,0.7731991150442477,0.008762690359971684
95,70,120,0.46,0.34,0.2,0.5646789194964738,0.009552351334308986,0.773283185840708,0.010283560911929663
95,70,120,0.38,0.42000000000000004,0.2,0.5646989204774069,0.00894586253673112,0.7732035398230088,0.009983079505816481
90,80,125,0.42,0.38000000000000006,0.2,0.5647289294740278,0.009579727229654042,0.7734424778761062,0.009254911618555435
90,80,125,0.4,0.4,0.2,0.5647349339746587,0.009413501821602038,0.7733141592920354,0.009277886404224273
90,80,125,0.44,0.36000000000000004,0.2,0.5647424367632231,0.009748159112785077,0.7733849557522123,0.009183614727649161
90,75,125,0.42,0.38000000000000006,0.2,0.5647479749543627,0.009108493599926706,0.7733274336283186,0.008897115022787866
95,80,125,0.42,0.38000000000000006,0.2,0.5647498526160273,0.009859559402660813,0.7730486725663717,0.010489297134406819
90,70,125,0.42,0.38000000000000006,0.2,0.5647543289574825,0.00980280020300539,0.7733185840707965,0.009839102757123548
90,75,125,0.4,0.4,0.2,0.5647562074273897,0.008920660523674377,0.772991150442478,0.008831347414589547
95,80,125,0.4,0.4,0.2,0.5647566297687158,0.009683795785974888,0.773,0.010247980094329942
95,75,125,0.42,0.38000000000000006,0.2,0.5647582209818467,0.009435521721452091,0.7729557522123894,0.010096917091281759
90,75,125,0.44,0.36000000000000004,0.2,0.5647592741671643,0.00929897645863232,0.7733274336283186,0.009050330354230994
90,70,125,0.44,0.36000000000000004,0.2,0.5647604139972164,0.00994952175138844,0.7734646017699116,0.009950608307316932
90,80,125,0.38,0.42000000000000004,0.2,0.5647604894283871,0.009249544350620687,0.7731592920353982,0.009137923429753354
95,80,125,0.44,0.36000000000000004,0.2,0.5647624626177069,0.01003705162188566,0.7730353982300884,0.01057399926290587
95,75,125,0.4,0.4,0.2,0.5647670001713759,0.009240000998012973,0.772862831858407,0.009849862143354524
90,70,125,0.4,0.4,0.2,0.5647682305139793,0.009659725797270646,0.7731725663716814,0.009859448178293382
95,75,125,0.44,0.36000000000000004,0.2,0.5647688930001041,0.009633041820182866,0.7729867256637168,0.010395723196208316
90,80,125,0.46,0.34,0.2,0.5647754342085959,0.009918745502482283,0.7734424778761062,0.009222859339053733
95,70,125,0.42,0.38000000000000006,0.2,0.5647818792765489,0.010145486982983384,0.7731681415929204,0.011030790193324222
95,80,125,0.38,0.42000000000000004,0.2,0.5647828344468081,0.009509840430522365,0.7729955752212389,0.010200729816693116
90,75,125,0.38,0.42000000000000004,0.2,0.5647839932488216,0.008735576299061895,0.7729557522123894,0.008908825317243943
90,70,125,0.46,0.34,0.2,0.564786491104941,0.010099774986541077,0.7735,0.009920480784360832
95,70,125,0.44,0.36000000000000004,0.2,0.5647873105142512,0.01029948741046225,0.7731017699115045,0.011077217336092767
90,75,125,0.46,0.34,0.2,0.5647901007168228,0.009492023896225655,0.7733849557522123,0.008959275601989143
95,80,125,0.46,0.34,0.2,0.5647944362497423,0.010216201483650584,0.7730309734513275,0.010684741327495568
95,75,125,0.38,0.42000000000000004,0.2,0.5647952557037916,0.009046572473607257,0.772858407079646,0.00968424521034401
95,70,125,0.4,0.4,0.2,0.5647962693399877,0.009994381170894753,0.7729999999999999,0.01083082220374846
95,75,125,0.46,0.34,0.2,0.5647990078823772,0.00983248001979661,0.7728761061946903,0.010554361160664749
90,70,125,0.38,0.42000000000000004,0.2,0.5648021309837554,0.009520426895811476,0.7730221238938053,0.009555673165959212
95,70,125,0.46,0.34,0.2,0.5648125630604846,0.010456266149808073,0.7730973451327434,0.01119595816388467
95,70,125,0.38,0.42000000000000004,0.2,0.5648304978710688,0.009846297676592976,0.773137168141593,0.010730104461259956
95,80,130,0.42,0.38000000000000006,0.2,0.5648332183319387,0.008879784289860181,0.7727389380530975,0.008939441209129902
95,80,130,0.4,0.4,0.2,0.564840180086572,0.008706800764086333,0.7727610619469026,0.008810886191684153
95,75,130,0.42,0.38000000000000006,0.2,0.5648453701770793,0.008477200780439986,0.7727522123893806,0.008930651671339862
95,80,130,0.44,0.36000000000000004,0.2,0.5648456260698154,0.009054600347375485,0.7726681415929204,0.009088674912707878
95,75,130,0.4,0.4,0.2,0.564854591484165,0.008285228751358708,0.7726991150442478,0.008662698128618397
95,75,130,0.44,0.36000000000000004,0.2,0.5648555864479675,0.008671258313031574,0.7727345132743363,0.009115616121763172
90,80,130,0.42,0.38000000000000006,0.2,0.5648581583310966,0.008534265857813928,0.7730398230088495,0.00800545080183043
90,80,130,0.4,0.4,0.2,0.5648617996215872,0.008373156338806042,0.7730575221238938,0.008054106228742152
95,80,130,0.38,0.42000000000000004,0.2,0.5648665509029295,0.0085357464524218,0.7729070796460178,0.008615497054156042
95,70,130,0.42,0.38000000000000006,0.2,0.564868457137675,0.009190221840168622,0.7728805309734513,0.009843857429580051
95,70,130,0.44,0.36000000000000004,0.2,0.5648735936893414,0.009338240760563441,0.7729380530973452,0.009871018470181108
90,80,130,0.44,0.36000000000000004,0.2,0.5648740619397395,0.00869773092672127,0.7730619469026548,0.008069545829589323
95,80,130,0.46,0.34,0.2,0.564877380431809,0.009231162933774188,0.7725221238938053,0.009399661157982082
90,75,130,0.42,0.38000000000000006,0.2,0.5648808012779988,0.008076296531600842,0.7732699115044247,0.0076529871341928625
95,70,130,0.4,0.4,0.2,0.5648831096643848,0.009045492247421207,0.7727256637168143,0.009732041621051018
95,75,130,0.38,0.42000000000000004,0.2,0.5648832746710746,0.00809545646169929,0.7725221238938053,0.008559345377788168
90,80,130,0.38,0.42000000000000004,0.2,0.5648850222024036,0.00821448617137781,0.7730530973451327,0.0079950101665746
95,75,130,0.46,0.34,0.2,0.5648852326811035,0.008867301196953196,0.7726769911504425,0.009102456619006816
90,75,130,0.4,0.4,0.2,0.5648869301322759,0.007894010832879442,0.7731504424778761,0.007690298583388598
90,70,130,0.42,0.38000000000000006,0.2,0.5648887839745125,0.008787251439784228,0.7732389380530974,0.008717243711620914
90,75,130,0.44,0.36000000000000004,0.2,0.5648942424643097,0.008261382868858694,0.7732035398230088,0.007842653552135337
90,70,130,0.44,0.36000000000000004,0.2,0.5648971767023105,0.008925463582766182,0.7733230088495576,0.008768145991795982
95,70,130,0.46,0.34,0.2,0.564898521022141,0.009489407270012955,0.7728451327433629,0.009995454268719403
90,70,130,0.4,0.4,0.2,0.5649003877715946,0.00865312098114458,0.773212389380531,0.008666672188853025
90,80,130,0.46,0.34,0.2,0.5649094915508087,0.008863479172157447,0.7730840707964602,0.008108287857240826
90,75,130,0.38,0.42000000000000004,0.2,0.5649126478551725,0.007714655960964599,0.7731106194690265,0.007641565377529751
95,70,130,0.38,0.42000000000000004,0.2,0.5649175665315315,0.008904206641771613,0.7728495575221239,0.009668133998903514
90,70,130,0.46,0.34,0.2,0.564925574890646,0.009067612267810134,0.7732787610619468,0.008875410246320412
90,75,130,0.46,0.34,0.2,0.5649272521776758,0.008449156674395593,0.7732743362831858,0.00786477197293297
90,70,130,0.38,0.42000000000000004,0.2,0.5649319968045716,0.008523231234785584,0.7732256637168142,0.00869493514483234
85,80,120,0.4,0.4,0.2,0.5650719087780196,0.008344361092974685,0.7722566371681416,0.00874287186020744
85,80,120,0.38,0.42000000000000004,0.2,0.5650794653726414,0.00817935524110278,0.772358407079646,0.008572325122606738
85,80,120,0.42,0.38000000000000006,0.2,0.5650835386177256,0.008511903407909662,0.7723362831858406,0.008916445229802292
85,75,120,0.4,0.4,0.2,0.5650943095976247,0.007904528228699026,0.7723097345132743,0.00859967448711642
85,75,120,0.38,0.42000000000000004,0.2,0.5651036030298764,0.007720806517524443,0.7723141592920355,0.00827048440938535
85,75,120,0.42,0.38000000000000006,0.2,0.5651041480184726,0.00809126999182219,0.7723672566371682,0.008734105866891646
85,80,120,0.44,0.36000000000000004,0.2,0.5651143206194863,0.008681878006974914,0.772429203539823,0.0090518283222024
85,70,120,0.4,0.4,0.2,0.5651228663452585,0.008593255588466627,0.7725132743362833,0.009241296362626782
85,70,120,0.42,0.38000000000000006,0.2,0.565126578844477,0.008732949760720875,0.7726150442477877,0.009300517620289965
85,75,120,0.44,0.36000000000000004,0.2,0.5651331030708812,0.008280880959762819,0.7725044247787609,0.008676310258357016
85,70,120,0.38,0.42000000000000004,0.2,0.5651386746675016,0.008458166244376902,0.7723982300884957,0.009290634112628607
85,70,120,0.44,0.36000000000000004,0.2,0.5651498081020567,0.008877062606700783,0.7727300884955752,0.009494690121142155
85,80,120,0.46,0.34,0.2,0.5651642375282808,0.008854193652112471,0.7726017699115044,0.009225379868726073
85,80,125,0.4,0.4,0.2,0.5651808047935128,0.009350296392088274,0.772429203539823,0.00963055918099345
85,75,120,0.46,0.34,0.2,0.5651811761428172,0.008473229423793633,0.7725221238938053,0.00887503247019482
85,80,125,0.38,0.42000000000000004,0.2,0.5651882484285282,0.009187549642918225,0.7723584070796461,0.009495888620713733
85,70,120,0.46,0.34,0.2,0.5651925672198744,0.00902542437706602,0.7726150442477877,0.00945939931156192
85,80,125,0.42,0.38000000000000006,0.2,0.5651925680486654,0.009515402942047446,0.7725442477876105,0.009894477117153796
85,75,125,0.4,0.4,0.2,0.5652158251927799,0.008882929180324904,0.7722522123893806,0.009358608441524953
85,80,125,0.44,0.36000000000000004,0.2,0.5652235051454525,0.009682791640366284,0.7725044247787609,0.00998171884090477
85,75,125,0.42,0.38000000000000006,0.2,0.5652251936533712,0.009069235010014033,0.7722433628318583,0.009549767933597044
85,75,125,0.38,0.42000000000000004,0.2,0.5652256062045243,0.008699331925486603,0.7721769911504426,0.009262762043277065
85,70,125,0.4,0.4,0.2,0.565238562607277,0.009573823643390933,0.7725752212389382,0.010014643910107503
85,70,125,0.42,0.38000000000000006,0.2,0.5652420831998171,0.009715427499661308,0.7725221238938054,0.010244617079503061
85,75,125,0.44,0.36000000000000004,0.2,0.565253697524556,0.009258140639231754,0.7721991150442478,0.00967528492106064
85,70,125,0.38,0.42000000000000004,0.2,0.5652545809929146,0.009436202719311702,0.7724734513274336,0.010038439804559566
85,70,125,0.44,0.36000000000000004,0.2,0.5652651400356021,0.009860874439316622,0.7724867256637168,0.010418481973027013
85,80,125,0.46,0.34,0.2,0.5652736001789185,0.009852394595422823,0.7724557522123894,0.010120381704840583
85,80,130,0.4,0.4,0.2,0.5652897574016877,0.008356762080858358,0.7727831858407079,0.008416962635339349
85,80,130,0.38,0.42000000000000004,0.2,0.5652957096931963,0.008195845731033678,0.7726061946902655,0.008251076459815054
85,75,125,0.46,0.34,0.2,0.5653013394841653,0.00944955139304344,0.7721725663716813,0.00990822480506418
85,80,130,0.42,0.38000000000000006,0.2,0.565303047982658,0.008520323095282917,0.7727256637168143,0.008333624724067316
85,70,125,0.46,0.34,0.2,0.565307747661991,0.010010037888763739,0.772362831858407,0.01042227261896243
85,75,130,0.4,0.4,0.2,0.5653305332669494,0.007905390106358375,0.7723451327433628,0.008309885892106017
85,80,130,0.44,0.36000000000000004,0.2,0.565335551934076,0.008686431427667148,0.7726902654867256,0.008375677847388996
85,75,130,0.38,0.42000000000000004,0.2,0.5653390705212837,0.007724053937735582,0.7721681415929205,0.008116348777128905
85,75,130,0.42,0.38000000000000006,0.2,0.565341178284282,0.008089715722098772,0.7723982300884955,0.008197292276935476
85,70,130,0.4,0.4,0.2,0.5653529071327845,0.008609669699840556,0.7725,0.008983213585435874
85,70,130,0.42,0.38000000000000006,0.2,0.5653579178403483,0.00874583953285426,0.7724911504424778,0.008941305375178824
85,70,130,0.38,0.42000000000000004,0.2,0.5653674463104279,0.008478087545303629,0.7725884955752212,0.008874935955467133
85,75,130,0.44,0.36000000000000004,0.2,0.5653709949988832,0.008276894240429615,0.7723849557522124,0.008325103945610668
85,70,130,0.44,0.36000000000000004,0.2,0.5653824797719379,0.008886429389951319,0.7726283185840709,0.008993048520125493
85,80,130,0.46,0.34,0.2,0.5653872570352378,0.008855002165491654,0.7724159292035397,0.00856513912272968
85,75,130,0.46,0.34,0.2,0.5654199897205759,0.008466807097964619,0.7724247787610619,0.008346524461884877
85,70,130,0.46,0.34,0.2,0.5654266115823751,0.009031286536208473,0.7725840707964602,0.009084376301498002
