sample_id,prob_ati,pred_label,prob_selected_xgboost,prob_selected_ridge_lr,prob_selected_pls_lr,true_label
bkbc_0,0.9657563390991217,1,0.94861436,0.9726499154240363,0.9987994492272113,1
bkbc_1,0.9532273431791072,1,0.9242206,0.9683252381284673,0.9999864746288121,1
bkbc_2,0.9576212345833788,1,0.9232184,0.9805504354817558,0.9996852146798074,1
bkbc_3,0.34545840953961476,0,0.4084533,0.38417058913355784,0.053241322027125504,0
bkbc_4,0.5827594303965009,1,0.54073924,0.5067685264852405,0.9114624370977166,1
bkbc_5,0.7953139432830364,1,0.8549141,0.7034382972188383,0.8615151294971266,1
bkbc_6,0.5734282566095215,1,0.52906996,0.46623147486515826,0.9923613102105605,1
bkbc_7,0.20923966409034273,0,0.2034887,0.2772071630113236,0.04524593948358238,0
bkbc_8,0.2013118294151844,0,0.2386518,0.23473901593361865,0.0001527571183036429,0
bkbc_9,0.2984761655880593,0,0.33168545,0.3725373029269685,0.001351964957461361,0
bkbc_10,0.26882712318463925,0,0.19302556,0.29181090750405214,0.43494174352753123,0
bkbc_11,0.7979950260460527,1,0.7713647,0.7548342779371039,0.9929815248005868,1
bkbc_12,0.36191919855502874,0,0.34293252,0.22260853367371516,0.7903743734159979,1
bkbc_13,0.43405812938489174,0,0.3925755,0.3213515521707401,0.8590569027919631,1
bkbc_14,0.3268365370147872,0,0.31962407,0.3177279512929657,0.37276357053011844,1
bkbc_15,0.45083542582682423,0,0.45526415,0.6134843184207754,0.0038188697677282277,0
bkbc_16,0.11171796353749965,0,0.14920306,0.11141804902826198,6.244993625442381e-05,0
bkbc_17,0.26579290917671505,0,0.2657639,0.3654665331456144,8.361005150388423e-05,0
bkbc_18,0.28004973099968444,0,0.31153962,0.3485219615545554,0.0029874983731163853,0
bkbc_19,0.9260200640903193,1,0.89691937,0.9315673901972042,0.9985292776502049,1
bkbc_20,0.33874097426591465,0,0.47135645,0.31599739704271446,0.0015441016595915786,0
bkbc_21,0.16935655565328694,0,0.21313302,0.18360261729692418,3.768316462939736e-05,0
bkbc_22,0.8132993160890286,1,0.7820587,0.7785992808263534,0.9995545839987403,1
bkbc_23,0.41239300636622606,0,0.44611123,0.46794708524424355,0.16309412893069367,0
bkbc_24,0.37928841683902015,0,0.39946634,0.494741150358921,0.010880743719037179,0
bkbc_25,0.34691398882275076,0,0.3041526,0.32979634423810994,0.52084520363157,0
bkbc_26,0.645204703246811,1,0.6334165,0.5527306758066813,0.9271668972388041,1
bkbc_27,0.5995552522113947,1,0.5723024,0.48108831383377,0.9972256214535503,1
bkbc_28,0.9581476656098007,1,0.9333827,0.9716486337911023,0.996440149841352,1
bkbc_29,0.8737917850433136,1,0.85743964,0.8450311876733063,0.9995431549408442,1
bkbc_30,0.45845159025816823,0,0.43133482,0.31527053177515013,0.9216180965479855,1
bkbc_31,0.3364964518174849,0,0.37978575,0.3712922759966275,0.11383975345481358,0
bkbc_32,0.23784789310266943,0,0.2845844,0.21008217278854635,0.1716803040024795,0
bkbc_33,0.36738471527894734,0,0.35644156,0.41049196408142385,0.28526158502502563,0
bkbc_34,0.2226271957656277,0,0.11223142,0.2367597687267344,0.5161276762957708,0
bkbc_35,0.19003058668553147,0,0.24681523,0.19436372066119056,0.008121619538983658,0
bkbc_36,0.74948895644332,1,0.73799527,0.7114453766754494,0.885419650550692,1
bkbc_37,0.38675312935418943,0,0.42863867,0.4610321121669882,0.06301925911365366,0
bkbc_38,0.9238806382963106,1,0.9165409,0.9038896511730703,0.9992091893184076,1
bkbc_39,0.6370575850439657,1,0.578173,0.5699432898449881,0.9926829879001748,1
bkbc_40,0.3279016035461127,0,0.2872561,0.4900001076288284,0.017575510801735226,0
bkbc_41,0.8234681204114453,1,0.8752702,0.740616483759941,0.8889996754234702,1
bkbc_42,0.9189099393327331,1,0.936143,0.8692725799556791,0.999577244923385,1
bkbc_43,0.256268372387259,0,0.30923367,0.29231668047412246,0.00124367158514134,0
bkbc_44,0.2514239538957801,0,0.26564056,0.3192926822419235,0.027790889424760396,0
bkbc_45,0.2557355227401203,0,0.25964853,0.33098476611041344,0.04333185688112412,0
bkbc_46,0.3058940653928924,0,0.28105357,0.4240264304641957,0.06539597224075107,0
bkbc_47,0.3286055202381737,0,0.33545902,0.42471484584976227,0.05175350464858387,0
bkbc_48,0.7349306019874843,1,0.7212963,0.6591202771642639,0.9779944620800667,1
bkbc_49,0.4999414915065023,0,0.6123589,0.32392758156551027,0.6320596490915142,1
bkbc_50,0.2313959543142191,0,0.278954,0.25551940919094873,0.024392675948227433,0
bkbc_51,0.405393689219912,0,0.37983176,0.2990076966804886,0.7657754635536347,1
bkbc_52,0.25995538538824736,0,0.24509741,0.2513579324316054,0.3274558467604676,0
bkbc_53,0.18762911420164025,0,0.1975628,0.2465640220480042,0.0006683308117924185,0
bkbc_54,0.18639499655106503,0,0.23519585,0.19827287798699852,0.008318119480079496,0
bkbc_55,0.2245233362623572,0,0.2617831,0.26524858353010905,0.00414342589486693,0
bkbc_56,0.7256123441891306,1,0.6582773,0.6988046753523025,0.9991046741204286,1
bkbc_57,0.6613966703081446,1,0.68294954,0.5356703753124797,0.9320081324867862,1
bkbc_58,0.38555508293750546,0,0.43417045,0.45976643353844665,0.041812102131358324,1
bkbc_59,0.647669122919844,1,0.67262363,0.509150993606228,0.9421872270974525,1
bkbc_60,0.794871593552677,1,0.77336043,0.7568771075071291,0.9607238094236609,1
bkbc_61,0.4735693885939316,0,0.51396954,0.2640283784553615,0.911144999360318,1
bkbc_62,0.07914897113999414,0,0.071564615,0.11723350885264734,0.00034327300784476266,0
bkbc_63,0.5203605655651474,1,0.5589488,0.6036497932866199,0.18249130973762312,0
bkbc_64,0.34304354080689164,0,0.3096473,0.5063019175683642,0.007876626101565034,0
bkbc_65,0.09820491861210984,0,0.10373464,0.12842687241240971,0.0010238758130119033,0
bkbc_66,0.7083235145320858,1,0.6520331,0.6684568562215862,0.983505875182049,1
bkbc_67,0.42405856046061086,0,0.37256947,0.26934418783097036,0.9910975171974596,1
bkbc_68,0.3876958777482265,0,0.46323082,0.4360215181949174,0.03222271074055278,0
bkbc_69,0.1285706829136285,0,0.083824426,0.22515163608857,0.0052602602819288155,0
bkbc_70,0.21958250081416397,0,0.2942053,0.20623141148181534,0.031316964393173254,0
bkbc_71,0.11444368621475462,0,0.14488727,0.12302316119347308,0.00023433928603897408,0
bkbc_72,0.18846787025467387,0,0.24608181,0.17368372197955634,0.055050428942304004,0
bkbc_73,0.7577818007901606,1,0.739944,0.7282770503015848,0.8899745942848805,1
bkbc_74,0.38861550774616077,0,0.31633958,0.2434316915554323,0.9926001772160001,1
bkbc_75,0.8367180076251728,1,0.8455814,0.7910248615530551,0.9319763420259514,1
bkbc_76,0.8396878604525337,1,0.87032133,0.7538170246708018,0.9767763568712339,1
bkbc_77,0.3890650637931167,0,0.42113355,0.43674607001393057,0.1657102909886696,0
bkbc_78,0.3326562171541578,0,0.34859863,0.36384384648045937,0.20166197930527008,0
bkbc_79,0.34699867046357447,0,0.5022861,0.2361215022785255,0.17680896031526033,1
bkbc_80,0.9397936466904528,1,0.9347473,0.923326484428724,0.9988452429933847,1
bkbc_81,0.2522648177516227,0,0.28444397,0.23891941803953912,0.19131511982367427,1
bkbc_82,0.8857620141370969,1,0.8913548,0.844932422990036,0.9778627274077124,1
bkbc_83,0.45294670671350745,0,0.49981183,0.5375303426187439,0.08679505950359329,0
bkbc_84,0.10092748008519432,0,0.08196287,0.15931180958973845,0.002129769281482046,0
bkbc_85,0.3541271304239433,0,0.3194074,0.3838583907361752,0.3790030100605419,0
bkbc_86,0.4791988072845381,0,0.52665365,0.5681309291044121,0.09968202162142854,0
bkbc_87,0.41115300619633266,0,0.38488382,0.4585203725871444,0.3636476045796119,0
bkbc_88,0.21971419745514564,0,0.24426553,0.2741277852098262,0.0009573492784836322,0
bkbc_89,0.9340267342044162,1,0.9117531,0.9343778634437958,0.9999112579330008,1
bkbc_90,0.19935553771874692,0,0.25392738,0.20986428752621852,0.007616688449452238,0
bkbc_91,0.4607104336615288,0,0.4438929,0.6246366736780966,0.0740264656804253,0
bkbc_92,0.7727382087961334,1,0.74688643,0.7531149265291842,0.902622390724869,1
bkbc_93,0.34114535975939675,0,0.3236237,0.4865317393396845,0.00601337567093922,0
bkbc_94,0.7671512394827185,1,0.7483369,0.7053509013800232,0.9883951259336297,1
bkbc_95,0.9285075731628123,1,0.9504847,0.8770271872145464,0.999857302300116,1
bkbc_96,0.2300584229175535,0,0.25462484,0.28795291683886653,0.0019738735567984556,0
bkbc_97,0.29373576604489404,0,0.296416,0.3986840316410529,0.005832969356990249,0
bkbc_98,0.5246063157997941,1,0.49512163,0.39903660859620405,0.9479129812745134,1
bkbc_99,0.5344329552286285,1,0.39084917,0.5297798333948238,0.9775927060705188,1
bkbc_100,0.8400079980918791,1,0.849379,0.7870124580719902,0.9532165226177988,1
bkbc_101,0.25222897257056326,0,0.23323208,0.3654995775804181,0.007164700780010818,0
bkbc_102,0.3057400442666793,0,0.34893313,0.35942573590373167,0.03299901073189371,0
bkbc_103,0.3488919026264222,0,0.28075588,0.44105186754263953,0.3075401311826517,0
bkbc_104,0.1438319179879113,0,0.11498269,0.22992364052214825,0.0008016968007482956,0
bkbc_105,0.9329605875228028,1,0.95144016,0.8871608787686541,0.9996544998551835,1
bkbc_106,0.605606569799932,1,0.5585085,0.5127665720762388,0.994474100125426,1
bkbc_107,0.7558893311605865,1,0.67519045,0.7578555316377273,0.9927428565598716,1
bkbc_108,0.32639072324718144,0,0.30979574,0.463222616615971,0.011290632205665166,0
bkbc_109,0.11787143747867766,0,0.07332042,0.17097697804252857,0.10990971928897178,0
bkbc_110,0.829535283152947,1,0.8573605,0.7649966848464269,0.9181627737272507,1
bkbc_111,0.5762803362372794,1,0.55991304,0.43590009789317846,0.999729489841248,1
bkbc_112,0.9447337960104161,1,0.9382958,0.9312569938833206,0.9999859583418484,1
bkbc_113,0.6963748106366563,1,0.794623,0.6146487789920075,0.6195664339447865,1
bkbc_114,0.3935353610987801,0,0.5863168,0.2515520673969146,0.19381320826466628,1
bkbc_115,0.1433141350806763,0,0.13635601,0.2022788976666239,0.006949155228831625,0
bkbc_116,0.8176321519738661,1,0.8188042,0.7567820950023767,0.9763829124353006,1
bkbc_117,0.48137603713251714,0,0.40396446,0.40271263789836964,0.9233798533344136,1
bkbc_118,0.4694439777554395,0,0.51024926,0.5871523392952951,0.03313923525699854,0
bkbc_119,0.11314307385799136,0,0.07321059,0.19353180837428124,0.018570570442320574,0
bkbc_120,0.13899131576616983,0,0.09431359,0.22156859879268634,0.05281840977205504,0
bkbc_121,0.33162560209333447,0,0.37455264,0.4059832112929827,0.00455752855758676,0
bkbc_122,0.9437437536840919,1,0.9289537,0.9735473123070121,0.9086377963587151,1
bkbc_123,0.5795214653462173,1,0.6854171,0.6770196595960114,0.001839309785564641,0
bkbc_124,0.8853846345583509,1,0.89088863,0.8398179264030969,0.9903838460810078,1
bkbc_125,0.3586870863719151,0,0.24762744,0.3742166627929124,0.6504538502224021,0
bkbc_126,0.9178913139674555,1,0.91759986,0.8876511269963709,0.9994061640307103,1
bkbc_127,0.7386589916263333,1,0.6939204,0.7087397148267499,0.9526595431512478,1
bkbc_128,0.5459989053302676,1,0.58469415,0.5192741957787275,0.5011790721285548,1
bkbc_129,0.3246311831565787,0,0.4123632,0.34394366118504516,0.009935256616494787,0
bkbc_130,0.1832255346316692,0,0.16315047,0.2741197847358928,0.0010660830640649196,0
bkbc_131,0.19981214305241887,0,0.21989152,0.2428057707102174,0.02492434339229842,0
bkbc_132,0.22145489613999408,0,0.14732958,0.1406491617266993,0.6593127867361466,0
bkbc_133,0.6141320169176623,1,0.64136887,0.44985033046754747,0.970506086179854,1
bkbc_134,0.6521806659678008,1,0.60953486,0.5698416536969582,0.9996888240246843,1
bkbc_135,0.6993740621132097,1,0.63247734,0.6803570882901292,0.950776169268651,1
bkbc_136,0.7838165913902991,1,0.74337995,0.7492048490692139,0.9974245729868211,1
bkbc_137,0.2721233222786484,0,0.21775204,0.2925236012658894,0.38083646658747033,0
bkbc_138,0.2742691020728298,0,0.28859088,0.15593565346151136,0.5468597060489431,1
bkbc_139,0.08656248673574668,0,0.0787522,0.12754874273369363,0.000696669822579065,0
bkbc_140,0.9117915541553876,1,0.9142954,0.8759894224667467,0.9997524218816317,1
bkbc_141,0.5774399498963241,1,0.5061312,0.5018466283260182,0.9929485335035628,1
bkbc_142,0.17330135358030757,0,0.09890027,0.23422784409199893,0.2340339526299147,0
bkbc_143,0.47457370252780917,0,0.49256393,0.26237959991993764,0.9864540205354091,1
bkbc_144,0.23908775247594571,0,0.18294804,0.3695950931360635,0.05948734569944307,0
bkbc_145,0.6875159064662323,1,0.81121516,0.7519697699305209,0.14454132874088013,0
bkbc_146,0.5716588981991138,1,0.49777967,0.5773844817780904,0.778028427391413,1
bkbc_147,0.8756510014687148,1,0.87632465,0.8580015557596385,0.92069527329236,1
bkbc_148,0.40017667806460944,0,0.39277026,0.5582961538056854,0.0007440647703535941,0
bkbc_149,0.9296080036800053,1,0.92668283,0.9184177226339769,0.9682243143419096,0
bkbc_150,0.2501430550707058,0,0.22075897,0.3676264517692678,0.025006268565849747,0
bkbc_151,0.17244163655826794,0,0.26447374,0.13319497647920905,0.001003137321835404,0
bkbc_152,0.9280594937051434,1,0.9233686,0.9070894571072405,0.9980524720579248,1
bkbc_153,0.9447364561143824,1,0.9245845,0.9474054521281357,0.9980750971368783,1
bkbc_154,0.5992766106488989,1,0.5508312,0.5771266499979272,0.80367942812277,0
bkbc_155,0.45003389962999,0,0.4564873,0.6088437434647763,0.0071808670647167516,0
bkbc_156,0.39681839175337247,0,0.50354975,0.4203098733509255,0.013980391964316429,0
bkbc_157,0.2750306832116604,0,0.23285922,0.4207283415283526,0.013017981693118304,0
bkbc_158,0.8820591591881891,1,0.9133624,0.8419627317534146,0.8950733314545137,1
bkbc_159,0.15814475224735186,0,0.18375584,0.1785834115451649,0.026808402902387323,0
bkbc_160,0.9037519791905739,1,0.8974573,0.874926565102827,0.9995038821540222,1
bkbc_161,0.25608917319337016,0,0.25210336,0.353590685652861,0.008042584026702595,0
bkbc_162,0.1779661748813935,0,0.16841257,0.15157426820564693,0.277005438640787,0
bkbc_163,0.4396053050343625,0,0.43490356,0.5412810614774284,0.1825752628886496,0
bkbc_164,0.41839508191364605,0,0.44680896,0.542726393014211,0.001603262743477029,0
bkbc_165,0.9111896092265086,1,0.93836725,0.8639363804242032,0.9556653043010689,1
bkbc_166,0.35485677907475216,0,0.44786987,0.38231231064497045,0.0026027741199689492,0
bkbc_167,0.6960508910628653,1,0.8115883,0.6341276389235936,0.5145675335080252,1
bkbc_168,0.8164063121763326,1,0.76429105,0.810446312383481,0.9886455168093478,1
bkbc_169,0.865247750106615,1,0.8603381,0.8280032858948001,0.9792953358435547,1
bkbc_170,0.4767279301085097,0,0.47572872,0.656504904508272,0.00032032389065007844,0
bkbc_171,0.12838746128848902,0,0.1085208,0.1923313892371186,0.017470321219814903,0
bkbc_172,0.18561236066228776,0,0.18054867,0.24483985580152506,0.04286347175625514,0
bkbc_173,0.3799880343403105,0,0.36114374,0.2595292180034419,0.7577445030374814,1
bkbc_174,0.41886579355642534,0,0.41487837,0.48780790279031155,0.2469824643371631,0
bkbc_175,0.7014275466460176,1,0.745115,0.5416941976923264,0.996320936750558,1
bkbc_176,0.7738115658542004,1,0.7685701,0.7013053812845953,0.9828857732314027,1
bkbc_177,0.7631211981378233,1,0.74856836,0.691975832679489,0.9965008380729363,1
bkbc_178,0.8354006746385421,1,0.828856,0.7911292185842994,0.9730920200810993,1
bkbc_179,0.40068005427388154,0,0.53613716,0.39834947534692017,0.0005236231850986437,0
bkbc_180,0.6612714839663851,1,0.5681615,0.6598272715539185,0.9444527459638439,1
bkbc_181,0.4599342062286256,0,0.39524624,0.36476884093917644,0.9077724893425761,1
bkbc_182,0.5754561166819598,1,0.6988737,0.44386650307764125,0.5561091062129115,1
bkbc_183,0.5404727315708651,1,0.45258242,0.4691079810418164,0.9944497106748577,1
bkbc_184,0.5013855764236952,1,0.3967745,0.5561744150771591,0.6691153036656301,0
bkbc_185,0.09798065563674542,0,0.07723131,0.11130811327368409,0.12468880210767966,0
bkbc_186,0.520066720602201,1,0.4476839,0.44107086409386415,0.9478708079143426,1
bkbc_187,0.9176578236720812,1,0.91062564,0.8947407572583037,0.999866701136417,1
bkbc_188,0.12928200942500154,0,0.10711095,0.18642269266557465,0.04342004524727732,0
bkbc_189,0.173507119313818,0,0.117856674,0.2993847514449914,0.004784782300838944,0
bkbc_190,0.18655139897000472,0,0.22746551,0.2059740191105254,0.012015450803352177,0
bkbc_191,0.30210164751032204,0,0.2682429,0.4471470704514063,0.01689012859040504,0
bkbc_192,0.31098521854463756,0,0.387668,0.33273491099784314,0.022937653585256887,0
bkbc_193,0.8825607626922438,1,0.88273096,0.8383594001723622,0.9999205080205815,1
bkbc_194,0.5526719850052804,1,0.6038337,0.5951794602235284,0.28583368635532597,1
bkbc_195,0.34125267904071904,0,0.3212071,0.4861966196405104,0.014872203021582618,0
bkbc_196,0.32174382452174977,0,0.29469255,0.47115318271415585,0.004472694585461823,0
bkbc_197,0.20140001464836313,0,0.2394441,0.21429352995457998,0.052885070394900896,0
bkbc_198,0.5024518759776682,1,0.52112967,0.4320188877761603,0.6342398025045348,1
bkbc_199,0.8162972689534937,1,0.84062874,0.8051014605281348,0.7731583354331901,1
bkbc_200,0.27915322184493985,0,0.37275267,0.230705119464542,0.12754988724529898,1
bkbc_201,0.3646317763541669,0,0.4108997,0.3232164989986922,0.33626878856484643,1
bkbc_202,0.7306795090114777,1,0.7388978,0.7114425962016131,0.7573231086053099,1
bkbc_203,0.7651219928592802,1,0.74083924,0.7103644059134716,0.983990474487068,1
bkbc_204,0.25198959939849513,0,0.37118098,0.2123768316605907,4.953050449500447e-05,0
bkbc_205,0.5195797579668975,1,0.5193516,0.3399725039259618,0.9992169243763593,1
bkbc_206,0.4168987615312625,0,0.42094073,0.45738825686140583,0.29680090739391896,0
bkbc_207,0.24475044261985957,0,0.20394729,0.37909802998605263,0.008899660201389227,0
bkbc_208,0.5193521623266704,1,0.51427907,0.691058312330578,0.07668845955347312,0
bkbc_209,0.11540775413128573,0,0.064143606,0.1307344856203307,0.22832891844709732,0
bkbc_210,0.888197083199083,1,0.8376894,0.9066223257436051,0.9905862329927511,1
bkbc_211,0.07772421224238002,0,0.06730203,0.11706081865929913,0.00409314187633884,0
bkbc_212,0.33997922395654545,0,0.2222898,0.5006801158009039,0.2645118021776784,0
bkbc_213,0.4078741410531359,0,0.44188753,0.5104226760411185,0.03237127080241073,0
bkbc_214,0.8210495586420613,1,0.81910735,0.7588025911058623,0.9928680670680348,1
bkbc_215,0.31801566161156875,0,0.3068788,0.35272372899992277,0.2588714442004085,0
bkbc_216,0.710812278709138,1,0.8319244,0.7714908551859468,0.1856665402903831,0
bkbc_217,0.49045276963157936,0,0.47886175,0.31678936162024574,0.9883283119778864,1
bkbc_218,0.22563317491275325,0,0.22712108,0.30465219485220435,0.010452068294379868,0
bkbc_219,0.7332201858448869,1,0.6941403,0.6774171044570302,0.9992679755098604,1
bkbc_220,0.10149425164867931,0,0.07101125,0.17326469579876172,0.0015553999075101615,0
bkbc_221,0.15784002272512923,0,0.1099569,0.18298506741996287,0.2344359574129939,0
bkbc_222,0.2142829341600137,0,0.16054998,0.2653847451549833,0.23921030540795524,0
bkbc_223,0.7392353593859802,1,0.7567258,0.6357832569514084,0.9626365052991331,1
bkbc_224,0.9442800964330266,1,0.92027926,0.9505078701753894,0.9996753149448752,1
bkbc_225,0.30403783222961794,0,0.24299683,0.18214564162955205,0.8122066852478295,1
bkbc_226,0.14414822347709239,0,0.13019256,0.21213145751766294,0.004726580986971887,0
bkbc_227,0.5987578638138882,1,0.5560248,0.5032369491773088,0.9816795645923185,1
bkbc_228,0.4339766668116779,0,0.47608444,0.518826346692095,0.08138760093128125,0
bkbc_229,0.27960215832882224,0,0.25984967,0.40637792250493654,0.0007909460664656519,0
bkbc_230,0.6409151863165814,1,0.79761183,0.6541589124865363,0.1355087237631644,1
bkbc_231,0.29577028919157633,0,0.28612348,0.41697423831528074,0.0015001627163748368,0
bkbc_232,0.45236505512308367,0,0.3817562,0.3268308342623642,0.9989496628045749,1
bkbc_233,0.14162758798332503,0,0.13806133,0.13353855989952237,0.17389710928994764,0
bkbc_234,0.2630042049132528,0,0.33120707,0.23538244952622994,0.1320536833658382,0
bkbc_235,0.31479795046529746,0,0.24495256,0.5068991223242385,0.01206434175806308,0
bkbc_236,0.6386340928474422,1,0.7305017,0.3998779736727489,0.9997143210910099,1
bkbc_237,0.8235811270746068,1,0.7706206,0.8170095243041304,0.9999870686257163,1
bkbc_238,0.3141787710224575,0,0.2538962,0.2210783920494867,0.7432941613672345,0
bkbc_239,0.6812663044739276,1,0.6388189,0.6097442025725758,0.9993342030675031,1
bkbc_240,0.7781359730109183,1,0.79706323,0.6912281800859833,0.9531084710512846,1
bkbc_241,0.900276697456835,1,0.9490446,0.860995666843898,0.8587225285841328,1
bkbc_242,0.707827619813217,1,0.6365803,0.6842688714463329,0.9843930423417395,1
bkbc_243,0.13589226967277482,0,0.13784023,0.18464581062893193,3.897713173134045e-05,0
bkbc_244,0.24315531368579324,0,0.25756624,0.31223886575583226,0.015699728926844958,0
bkbc_245,0.40298981372677783,0,0.4981412,0.4467558457615666,0.0008262877671404986,0
bkbc_246,0.3144109552986894,0,0.27930313,0.47179346671976136,4.774347700948893e-05,0
bkbc_247,0.49747861865941706,0,0.58079433,0.5836402692022207,0.017767030218898642,0
bkbc_248,0.651747405277535,1,0.6888307,0.5179371416101228,0.8973249499378595,1
bkbc_249,0.18905915994333253,0,0.20687628,0.2278034168580352,0.03228982729980094,0
bkbc_250,0.5493942803140563,1,0.5236682,0.47800048305732157,0.8169558918677414,1
bkbc_251,0.09363571655389738,0,0.103952385,0.11616249429601799,0.0026143198324391236,0
bkbc_252,0.6416787791108558,1,0.61555076,0.5367756737066669,0.9998045012276195,1
bkbc_253,0.06295626947537106,0,0.07686104,0.07062770671642474,0.0007848104143394532,0
bkbc_254,0.6771617824611534,1,0.66120434,0.5746661332261752,0.9983558866531278,1
bkbc_255,0.1541867588796556,0,0.19501793,0.16268278881882817,0.009037193880698794,0
bkbc_256,0.5978586447618357,1,0.5546558,0.6282740893038508,0.6463593559483646,1
bkbc_257,0.0794676740270962,0,0.06741249,0.1224693471948566,0.0009621131075786099,0
bkbc_258,0.7271168844142251,1,0.7227135,0.6302960310700159,0.9985160685311718,1
bkbc_259,0.2735369343148127,0,0.32023212,0.30757299561699675,0.0426885675128545,0
bkbc_260,0.3714732793192836,0,0.3885747,0.47427025211453844,0.046043857148459266,0
bkbc_261,0.14989285379840656,0,0.12702022,0.22800165724975424,0.010220607804238844,0
bkbc_262,0.24696797014435748,0,0.22560608,0.3590162928402777,0.012258111712614603,0
bkbc_263,0.4480452043625882,0,0.5370355,0.5040305564000304,0.03178005028799674,0
bkbc_264,0.13247364422050387,0,0.12484885,0.1620463357543377,0.07648751839436148,0
bkbc_265,0.3684583432678781,0,0.38651258,0.2133209666544964,0.7279953114393646,1
bkbc_266,0.9052286328603373,1,0.91875005,0.8640091679981953,0.9745830010923435,1
bkbc_267,0.7433148208191873,1,0.7518777,0.6449331946611948,0.9799772103327264,1
bkbc_268,0.5144931830387054,1,0.4956303,0.614482953182096,0.3044425323908847,0
bkbc_269,0.1704964128539482,0,0.2311046,0.16489524247840573,0.003608328303825846,0
bkbc_270,0.1518717137648475,0,0.16491002,0.19145148237141252,0.0072107799120219055,0
bkbc_271,0.46441886897439877,0,0.42755526,0.32542496466780746,0.9456601578591335,1
bkbc_272,0.06898949174336877,0,0.06081766,0.10184460444269024,0.005891361372027757,0
bkbc_273,0.29873632554894053,0,0.28661782,0.40855441817410065,0.04224362857993784,0
bkbc_274,0.9635649837371087,1,0.94907725,0.967002248563773,0.9978622689000436,1
bkbc_275,0.4941807051827184,0,0.4911959,0.36331378751256505,0.8521136158038074,1
bkbc_276,0.6712576157533298,1,0.6536807,0.568636997782089,0.9976433579865953,1
bkbc_277,0.18221138557166947,0,0.16478685,0.26980090335087176,0.0009129684726804166,0
bkbc_278,0.7337937671478177,1,0.8200142,0.8494397272960246,0.1667434046117628,0
bkbc_279,0.3957651344784548,0,0.38318533,0.5499604106079934,0.02231719347893615,0
bkbc_280,0.0937706306738975,0,0.08299157,0.13819097883531556,0.0076535502289124145,0
bkbc_281,0.8493470440759425,1,0.78967947,0.8749812980751673,0.9599919016824642,0
bkbc_282,0.5366699017123874,1,0.42555574,0.5130790845413502,0.9329212352253977,1
bkbc_283,0.9410543285542967,1,0.93887484,0.9472724257512806,0.9310112789555894,1
bkbc_284,0.20010758338789494,0,0.18304299,0.28591718202389726,0.022475787546725332,0
bkbc_285,0.16157909260997733,0,0.2326074,0.14172899673164116,0.0014277860123230403,0
bkbc_286,0.6852576655200608,1,0.71152043,0.587085134549241,0.8682627379882897,1
bkbc_287,0.367991175395247,0,0.47547075,0.38251663045000966,0.006817890262265499,0
bkbc_288,0.11540879931759525,0,0.15872884,0.093574968172539,0.04367222315566657,0
bkbc_289,0.9336764447591677,1,0.9331467,0.9099685707985197,0.9984867499818009,1
bkbc_290,0.605683901235757,1,0.59619445,0.4925879074026684,0.9357417226481178,1
bkbc_291,0.2764311001571758,0,0.22719093,0.3383306075573958,0.2590862923836343,0
bkbc_292,0.2739065116120606,0,0.24031867,0.39086400652868114,0.06278341550000954,0
bkbc_293,0.16024298066180614,0,0.13487867,0.23272434469263972,0.04305229457227263,0
bkbc_294,0.5930666636661872,1,0.6962714,0.6888106306801123,0.028135230191702523,0
bkbc_295,0.355756059549708,0,0.4463505,0.3692315373347487,0.04803810597398116,0
bkbc_296,0.13442497735350958,0,0.082167976,0.20802027028888678,0.09494187058962357,0
bkbc_297,0.7479111520594802,1,0.7613766,0.6594001764687525,0.9435440184628942,1
bkbc_298,0.30382556814173767,0,0.257997,0.18057313124558674,0.7699844389578616,1
bkbc_299,0.40678383547318775,0,0.31603256,0.28645330018280446,0.9999191628337831,1
bkbc_300,0.15455835921382188,0,0.18029499,0.18084324148506045,0.007255435912558082,0
bkbc_301,0.45052512821115903,0,0.3851033,0.5626914847900685,0.34768045216911264,0
bkbc_302,0.37196964865468957,0,0.31696013,0.5670206245638768,0.016862310178522247,0
bkbc_303,0.2892262495088016,0,0.2926957,0.35392820336474146,0.10627937092072978,0
bkbc_304,0.14894969548457043,0,0.09521191,0.24537405977306853,0.05303142910599307,0
bkbc_305,0.07568880160010243,0,0.06378437,0.11738056743563352,0.00022406413077830258,0
bkbc_306,0.2372498473404821,0,0.2038637,0.3631179293702266,0.0017600798573015484,0
bkbc_307,0.7544505757350307,1,0.73624456,0.683510666934239,0.9982418344207825,1
bkbc_308,0.9135650515898487,1,0.91627884,0.8786528504627423,0.9985229317674575,1
bkbc_309,0.45098658083538407,0,0.32197577,0.49549296185457486,0.719335397390967,1
bkbc_310,0.6536189831641604,1,0.7651492,0.7641719097834607,0.02422073905373766,0
bkbc_311,0.9662594874659878,1,0.9442096,0.9843132196534419,0.9842659768079411,1
bkbc_312,0.23716017352895596,0,0.33775964,0.21169415515593518,0.003271214603313182,0
bkbc_313,0.735047569420638,1,0.7398202,0.6705257707903209,0.892787999470534,0
bkbc_314,0.10876858222938865,0,0.09614502,0.1609239891304531,0.0075581969765461865,0
bkbc_315,0.39492421516060977,0,0.42817354,0.5001275488105478,0.014634011507822583,0
bkbc_316,0.47369947954353847,0,0.52693784,0.5305003875247157,0.1625153031171091,0
bkbc_317,0.8708643431631685,1,0.9067157,0.7847858802322458,0.9928529665406515,1
bkbc_318,0.7002240959418387,1,0.7236649,0.5616319845188529,0.9994806684288866,1
bkbc_319,0.1435289160542663,0,0.18387024,0.1508293986588681,0.00303702223631421,0
bkbc_320,0.2941005706632393,0,0.28256768,0.40106203066777224,0.04346870286293529,0
bkbc_321,0.6708490042831009,1,0.6068149,0.6227140025920577,0.9913113582761701,1
bkbc_322,0.24001848809356285,0,0.351733,0.19770993822394778,0.017697744833310828,0
bkbc_323,0.633734656090828,1,0.5416436,0.6095498129796963,0.9745007403189138,1
bkbc_324,0.3825666500735673,0,0.31045368,0.2787433833573716,0.8757676252594326,1
bkbc_325,0.4267422684543778,0,0.38408104,0.37370530062700547,0.6961578705324328,1
bkbc_326,0.4033933631556257,0,0.42649862,0.33860980313569466,0.5068337575031769,1
bkbc_327,0.8714167832473927,1,0.8613223,0.90666526210809,0.8077043381266085,1
bkbc_328,0.18216711677679925,0,0.08205162,0.30516947190205246,0.15450732214407895,0
bkbc_329,0.6523317421914256,1,0.622775,0.5554238424885712,0.9994229601262276,1
bkbc_330,0.6408278802400813,1,0.557769,0.6149423197635574,0.9590326607721118,1
bkbc_331,0.24887602473813042,0,0.2890631,0.15050443679597425,0.3906390651938099,0
bkbc_332,0.4397108962792539,0,0.40932345,0.26465540628364137,0.997687903132151,1
bkbc_333,0.9271351639361917,1,0.9366779,0.8890857794062779,0.9999721213586761,1
bkbc_334,0.6584068162592928,1,0.6834524,0.7329705547500787,0.3844333667682446,1
bkbc_335,0.18821060490111508,0,0.1784649,0.26842465164687257,0.0035435965676830347,0
bkbc_336,0.4040931937204789,0,0.2513824,0.3929950326190062,0.8918206495077898,1
bkbc_337,0.9252406472549692,1,0.93609643,0.8881175147856123,0.9916684784093943,1
bkbc_338,0.18106102051209175,0,0.11193591,0.2902348901452597,0.0973060372394228,0
bkbc_339,0.3162093660449352,0,0.39794004,0.32292273145772965,0.05311511698103519,0
bkbc_340,0.2065977080140631,0,0.19685341,0.18270338436426922,0.2995487908890728,0
bkbc_341,0.17418740830001786,0,0.22980666,0.17646973961535117,0.0012434613440000367,0
bkbc_342,0.16574382510054678,0,0.23032299,0.1552171538529063,7.749300794532116e-05,0
bkbc_343,0.44738309564996026,0,0.4869299,0.5441064839762503,0.0708137063185407,0
bkbc_344,0.5453945401452964,1,0.5373004,0.38792713419693414,0.9895900194506363,1
bkbc_345,0.6215483027027516,1,0.60771877,0.5062802681174313,0.9704183590331968,1
bkbc_346,0.19865493302769865,0,0.10914073,0.3673726544311336,0.017283611701901652,0
bkbc_347,0.25018424807538037,0,0.30555335,0.15041231871477118,0.35013543991359775,1
bkbc_348,0.9129064191220276,1,0.89940923,0.8954481263586843,0.999953559363211,1
bkbc_349,0.1685802036020185,0,0.16511717,0.23567215171338182,5.74494850523742e-05,0
bkbc_350,0.08148853540008044,0,0.08756841,0.10457772745693782,0.0016777509439490092,0
bkbc_351,0.5196706006936715,1,0.5277407,0.3326580630179887,0.9941603524405611,1
bkbc_352,0.8698548853556496,1,0.9134781,0.7720575070286382,0.9997783407889108,1
bkbc_353,0.16442821237943084,0,0.16107132,0.22154231846284966,0.022194655174723618,0
bkbc_354,0.2822869264652762,0,0.20726891,0.46390475651588303,0.02302676156612445,0
bkbc_355,0.655130618979381,1,0.5765976,0.6246752196834461,0.97194412018463,1
bkbc_356,0.823484938160438,1,0.76620287,0.8310076536919374,0.9752705569295796,1
bkbc_357,0.09809525207320054,0,0.1161611,0.1109129829922318,0.009717093293084124,0
bkbc_358,0.6877902592594387,1,0.660419,0.6057831578116262,0.9885896393396479,1
bkbc_359,0.08516748928598555,0,0.08585372,0.1162043495629227,0.0003438392583533818,0
bkbc_360,0.7073599755992702,1,0.7362071,0.5767819888909294,0.9690265637121985,1
bkbc_361,0.7872268377292686,1,0.7790992,0.7174307993550582,0.9977325213940537,1
bkbc_362,0.4100293873541017,0,0.372712,0.233051179339313,0.9939234884799623,1
bkbc_363,0.2170782145806225,0,0.29812822,0.20639124060067215,0.002426872764934898,0
bkbc_364,0.09190540052311351,0,0.06402062,0.157080997249201,0.001758161884422259,0
bkbc_365,0.11510214378555951,0,0.09513579,0.17838637121864823,0.0062432560510681636,0
bkbc_366,0.5202696910630661,1,0.51246613,0.6114386593607479,0.30056311753593046,0
bkbc_367,0.8108326147812337,1,0.8364989,0.7122828819995137,0.996633137172941,1
bkbc_368,0.686324652252498,1,0.6623121,0.5958556337708627,0.9996131928478802,1
bkbc_369,0.8970800972614357,1,0.9091458,0.8560303288608483,0.9703492200836813,1
bkbc_370,0.8000865665873835,1,0.784942,0.7427187023738292,0.998501303811367,1
bkbc_371,0.4399246748164722,0,0.4368761,0.5846694831365011,0.06308428853747779,0
bkbc_372,0.30810849602619717,0,0.30042398,0.42818474373916626,0.010958757328985068,0
bkbc_373,0.15084118640798552,0,0.09814629,0.20684620174098817,0.15957918918442066,0
bkbc_374,0.8980559564958709,1,0.9220564,0.8337251597858393,0.9976035062762955,1
bkbc_375,0.2998952285315357,0,0.3622477,0.2951324630438608,0.12553854545092186,0
bkbc_376,0.18429888437566241,0,0.21864264,0.2067261419958561,0.021461610748391906,0
bkbc_377,0.4603328149646291,0,0.31150198,0.4446236776410602,0.948716333369509,1
bkbc_378,0.2846884489071896,0,0.32600442,0.3437368245676276,0.0032782828214986963,0
bkbc_379,0.8082617774272324,1,0.90426505,0.6365049745176007,0.9782701124422105,1
bkbc_380,0.587335739248973,1,0.5873027,0.47644984818097263,0.8831307313680428,1
bkbc_381,0.39813765781686805,0,0.4918583,0.4406005518547062,0.003741376262283575,0
bkbc_382,0.32941029531701377,0,0.4344162,0.28192496466022743,0.14102012554745985,0
bkbc_383,0.27148526203951945,0,0.24475141,0.3813308599006482,0.058765232740264475,0
bkbc_384,0.14211898011170826,0,0.1016792,0.23685907056931274,0.010798081411358768,0
bkbc_385,0.35698030636136735,0,0.338321,0.5110263162240499,0.002168874732954374,0
bkbc_386,0.5518299013725083,1,0.6127517,0.6022683750969717,0.23456188162044725,0
bkbc_387,0.6520717069025865,1,0.62514704,0.5525016854677641,0.9983658103985344,1
bkbc_388,0.20204825906481183,0,0.11715891,0.13247785623361122,0.6422373914937215,1
bkbc_389,0.13074725934188933,0,0.10261754,0.2071218720309152,0.011470802518560735,0
bkbc_390,0.9111252699967407,1,0.9002194,0.8901605459158407,0.9997489676437565,1
bkbc_391,0.8561367348773423,1,0.803855,0.8613457489483047,0.9990912494090843,1
bkbc_392,0.45722735222410243,0,0.43855408,0.4809647207272291,0.44994759407189955,0
bkbc_393,0.5879190314089754,1,0.6617251,0.4510751011984519,0.7314180606396394,1
bkbc_394,0.5626294682423555,1,0.5928543,0.3659231739695667,0.9965051273623862,1
bkbc_395,0.23740835848557487,0,0.16906992,0.12223447841829788,0.7495540327586626,1
bkbc_396,0.9320075959747536,1,0.9381918,0.9007794288003241,0.9967302613152303,1
bkbc_397,0.39337457787457536,0,0.45616353,0.29609581606950836,0.4644177861026154,1
bkbc_398,0.6173674911873385,1,0.5431145,0.5695224716090658,0.9677132534235354,1
bkbc_399,0.4182223307306878,0,0.38832608,0.24039150621462563,0.9821266090714698,1
bkbc_400,0.5608089283019864,1,0.5035648,0.541280626462995,0.7846168598083441,1
bkbc_401,0.8949945703851048,1,0.89774466,0.8536773823439793,0.9969235622955547,1
bkbc_402,0.1536705743136429,0,0.12690221,0.21628449715397113,0.06700522308453527,0
bkbc_403,0.5661463146648382,1,0.52365005,0.45169091729264665,0.998849501162057,1
bkbc_404,0.15916055873833693,0,0.1611194,0.18880761750814634,0.07422520720241259,0
bkbc_405,0.8283843902328367,1,0.8186698,0.7764517895281732,0.9960151081738124,1
bkbc_406,0.12168342543022873,0,0.18572071,0.08729524001918391,0.02127341351245371,0
bkbc_407,0.9319888905027087,1,0.9334745,0.9049167009470439,0.9997247632526992,1
bkbc_408,0.8838650269886116,1,0.87536234,0.8499116790700149,0.9999154982414394,1
bkbc_409,0.11427448388958629,0,0.1142021,0.1337353089867734,0.062596120725065,0
bkbc_410,0.6050911559873674,1,0.627335,0.4411307100613001,0.9755875432161625,1
bkbc_411,0.36890077697187473,0,0.33704138,0.3985860905873594,0.3853181176476041,0
bkbc_412,0.08016161946894691,0,0.12187978,0.0628146296431262,0.0012657884547055585,0
bkbc_413,0.4440528012418884,0,0.47062442,0.5185797613712256,0.1655994430934693,0
bkbc_414,0.511408327302736,1,0.558176,0.6428811715678828,0.020511134571125893,0
bkbc_415,0.3569073751753985,0,0.3564537,0.4867311197239524,0.01207177778023651,0
bkbc_416,0.9168621847640896,1,0.9085305,0.8952482212898865,0.9994947128059666,1
bkbc_417,0.5659840113449033,1,0.5266225,0.449969354333459,0.9934410613642942,1
bkbc_418,0.8317285489794796,1,0.84198415,0.7575161374243536,0.9988615016832674,1
bkbc_419,0.0982023714481395,0,0.10977272,0.12098698165150353,0.0027323793393550467,0
bkbc_420,0.1424783988916537,0,0.09266806,0.21774498326333683,0.09119854437878927,0
bkbc_421,0.8525982191157324,1,0.9324932,0.8332127340678198,0.6646078737407619,1
bkbc_422,0.5661823811999441,1,0.7215564,0.5047415015749953,0.2639026349189231,1
bkbc_423,0.40244626471592515,0,0.27196088,0.496248635938991,0.5437627691391027,0
bkbc_424,0.12952344726468282,0,0.15521085,0.14612026543240056,0.008203079211515404,0
bkbc_425,0.15305320827823873,0,0.18679816,0.1708862570623135,0.004263560498005431,0
