name,top_k,params_json,mean_ll,std_ll,mean_auc,std_auc
d1_lr03_k90,90,"{""colsample_bytree"": 0.5, ""learning_rate"": 0.03, ""max_depth"": 1, ""min_child_weight"": 4, ""n_estimators"": 500, ""reg_alpha"": 0.0, ""reg_lambda"": 3.0, ""subsample"": 0.8}",0.5743833322026829,0.012555462941964348,0.7664896755162243,0.012806377915748035
d1_lr05_k90,90,"{""colsample_bytree"": 0.3, ""learning_rate"": 0.05, ""max_depth"": 1, ""min_child_weight"": 8, ""n_estimators"": 200, ""reg_alpha"": 1.0, ""reg_lambda"": 5.0, ""subsample"": 0.9}",0.5751699996709426,0.008649501536207551,0.7632743362831859,0.0073359726040986
d2_lr02_k90,90,"{""colsample_bytree"": 0.25, ""learning_rate"": 0.02, ""max_depth"": 2, ""min_child_weight"": 6, ""n_estimators"": 500, ""reg_alpha"": 0.5, ""reg_lambda"": 8.0, ""subsample"": 0.8}",0.5785684710937334,0.011430247734694159,0.7605678466076696,0.011523179346644758
current_k90,90,"{""colsample_bytree"": 0.3, ""learning_rate"": 0.03, ""max_depth"": 2, ""min_child_weight"": 6, ""n_estimators"": 300, ""reg_alpha"": 0.5, ""reg_lambda"": 5.0, ""subsample"": 0.8}",0.5791313371898362,0.007732899057621107,0.7603834808259587,0.007226773664855461
d2_sparse_k80,80,"{""colsample_bytree"": 0.2, ""learning_rate"": 0.03, ""max_depth"": 2, ""min_child_weight"": 4, ""n_estimators"": 400, ""reg_alpha"": 0.5, ""reg_lambda"": 8.0, ""subsample"": 0.8}",0.5801545109963846,0.006596564705114999,0.7611283185840708,0.006582778622367861
d2_sparse_k100,100,"{""colsample_bytree"": 0.2, ""learning_rate"": 0.03, ""max_depth"": 2, ""min_child_weight"": 4, ""n_estimators"": 400, ""reg_alpha"": 0.5, ""reg_lambda"": 8.0, ""subsample"": 0.8}",0.5806301272750437,0.010789041018432205,0.7593289085545724,0.011364928897460734
d3_lr03_k90,90,"{""colsample_bytree"": 0.2, ""learning_rate"": 0.03, ""max_depth"": 3, ""min_child_weight"": 8, ""n_estimators"": 300, ""reg_alpha"": 1.0, ""reg_lambda"": 8.0, ""subsample"": 0.8}",0.5818600972700956,0.006934925902024589,0.7578097345132743,0.007578039185156614
d2_lr05_k90,90,"{""colsample_bytree"": 0.3, ""learning_rate"": 0.05, ""max_depth"": 2, ""min_child_weight"": 6, ""n_estimators"": 200, ""reg_alpha"": 0.5, ""reg_lambda"": 5.0, ""subsample"": 0.8}",0.5834296702820204,0.009526883829255723,0.7587536873156342,0.009235349993825043
d2_wide_k90,90,"{""colsample_bytree"": 0.4, ""learning_rate"": 0.03, ""max_depth"": 2, ""min_child_weight"": 8, ""n_estimators"": 400, ""reg_alpha"": 0.0, ""reg_lambda"": 5.0, ""subsample"": 0.85}",0.5911342118312116,0.012203788393791047,0.7562389380530973,0.010790542226905446
