sample_id,ati,prob_starter_xgboost,prob_selected_xgboost,prob_selected_proteomics-only_xgboost,prob_selected_ridge_lr,prob_selected_shrinkage_lda,prob_selected_pls_lr,prob_selected_ensemble_xgb_plus_protxgb_plus_ridge_plus_pls
bkbc_0,1,0.9846238493919373,0.9560635685920715,0.9586352705955505,0.9706850091008348,0.9990053518565317,0.996529357601075,0.9671209021466438
bkbc_1,1,0.97576504945755,0.8937411308288574,0.8882114291191101,0.9582064843159401,0.9912930723158503,0.9999999652973258,0.9296453049098246
bkbc_2,1,0.9407030940055847,0.9457607269287109,0.9483826756477356,0.9805970050626571,0.9966966883799829,0.9997062942373585,0.9653148048741538
bkbc_3,0,0.1484166532754898,0.5266112089157104,0.5222358107566833,0.3884170960871385,0.2355796444293299,0.07164713457598333,0.4136194338805251
bkbc_4,1,0.39243900775909424,0.386602520942688,0.39115411043167114,0.37346828464484166,0.5176898556808778,7.13005659527014e-06,0.32495644743314117
bkbc_5,1,0.5869348645210266,0.71889728307724,0.7521218061447144,0.6725610103040252,0.8497753847549299,0.7667300247889391,0.715231529814663
bkbc_6,1,0.41797900199890137,0.4364127814769745,0.4396911561489105,0.45126624974704505,0.28424189549149204,0.8652725611057782,0.5058882632283499
bkbc_7,0,0.10835587233304977,0.2380068302154541,0.22061526775360107,0.2901647903243315,0.15876822660643072,0.13051252665927315,0.23648624442144536
bkbc_8,0,0.23239587247371674,0.24680808186531067,0.23447653651237488,0.23316017805974368,0.04151018368632195,0.0009250557510258692,0.20407851328803422
bkbc_9,0,0.5299534797668457,0.4243074655532837,0.35403063893318176,0.3155737804770903,0.011180761934046886,0.13277433334302052,0.33734949730295005
bkbc_10,0,0.35457897186279297,0.23811395466327667,0.22377288341522217,0.30364194397440347,0.4035070309433804,0.9991415531176817,0.37151612246123145
bkbc_11,1,0.8823502659797668,0.7177197933197021,0.7471539974212646,0.7077411274183272,0.7772442904213822,0.8392775778962156,0.7362923924099266
bkbc_12,1,0.11345651745796204,0.22648270428180695,0.19055409729480743,0.20232149151162732,0.16362897239279517,0.9732645709292963,0.32645696335403296
bkbc_13,1,0.11238911002874374,0.2686060667037964,0.27546200156211853,0.22303535252579895,0.19640294208906728,0.19195920786591592,0.24334912152415375
bkbc_14,1,0.1931232064962387,0.225155308842659,0.19308924674987793,0.25025310960804237,0.05704116560966757,0.06075166512943045,0.20467813107946364
bkbc_15,0,0.8963446617126465,0.5865486860275269,0.5854763388633728,0.6945041456588312,0.40576121893887473,0.7957100364780559,0.6523399540174251
bkbc_16,0,0.24724754691123962,0.11435499042272568,0.11497175693511963,0.10339210285677541,0.0007191974357530334,2.4542583713490227e-06,0.09376799795845572
bkbc_17,0,0.586757242679596,0.40780362486839294,0.4069538414478302,0.3720238374529279,0.2792888385428074,0.0005585685673742069,0.33516536043982376
bkbc_18,0,0.4743368327617645,0.34733226895332336,0.35518622398376465,0.32994636843498426,0.32652117959251586,0.0009101523182319032,0.2907479378958441
bkbc_19,1,0.8289557695388794,0.9182596802711487,0.9190805554389954,0.890177432049894,0.3963283321067908,0.005577539537993595,0.7724695447505154
bkbc_20,0,0.24100026488304138,0.6011733412742615,0.622032880783081,0.5505305221198369,0.4872101886742424,0.0009049139532891447,0.4974305197877581
bkbc_21,0,0.08740118891000748,0.17660437524318695,0.17496611177921295,0.18782131655615433,0.031023255223062127,0.0004594657602725287,0.15357546842522246
bkbc_22,1,0.8771871328353882,0.6620999574661255,0.6341612339019775,0.7090399057887733,0.8056965489187674,0.9977488835292122,0.7241154330111381
bkbc_23,0,0.9656436443328857,0.3327907621860504,0.380414754152298,0.5322117301629712,0.5822910263897303,0.9340217935551798,0.4925050056799842
bkbc_24,0,0.7285380363464355,0.49152225255966187,0.48274290561676025,0.5538440128800491,0.15459075121705299,0.004769317527185219,0.4373987539741661
bkbc_25,0,0.16512320935726166,0.4448336064815521,0.45166248083114624,0.3529768426264176,0.7986560343310557,0.9990572256794951,0.4993924498495518
bkbc_26,1,0.2295726090669632,0.35142090916633606,0.34310659766197205,0.49063811119884565,0.3545650857950847,0.0060408905035954285,0.3431656936368043
bkbc_27,1,0.7351443767547607,0.5101067423820496,0.43683359026908875,0.485259384105458,0.6018829662796816,0.9926917269732559,0.565750557168666
bkbc_28,1,0.8458549380302429,0.875610888004303,0.8857826590538025,0.9653555745504971,0.9998911725017172,0.9997300368041094,0.9241676725449961
bkbc_29,1,0.9462376832962036,0.8595441579818726,0.8786388635635376,0.82585700451116,0.9899877935771701,0.9994077730532136,0.8720351758017454
bkbc_30,1,0.14146319031715393,0.43510696291923523,0.42620450258255005,0.31726966785852334,0.1100830110163363,0.3095565357920893,0.3774981691903333
bkbc_31,0,0.35361793637275696,0.516854465007782,0.47141239047050476,0.3712133773653611,0.16731827853774503,0.30156666299339085,0.4325030977155753
bkbc_32,0,0.14731667935848236,0.30393365025520325,0.3222312033176422,0.18338919352984492,0.12641892507712696,0.06278057636736276,0.2313821693874052
bkbc_33,0,0.44860684871673584,0.4257117211818695,0.4490343928337097,0.4227817331134601,0.24356995297340453,0.45778297000616025,0.4323835329218429
bkbc_34,0,0.14666391909122467,0.14155562222003937,0.12514197826385498,0.1896756323786337,0.416302485664616,0.9841364462565283,0.28137151180152076
bkbc_35,0,0.18406127393245697,0.16362422704696655,0.17824600636959076,0.20238146031889528,0.012552493947442234,0.0008144756765192187,0.15335969250713152
bkbc_36,1,0.7759816646575928,0.6704263687133789,0.6728586554527283,0.674156393234157,0.17623412120673215,0.3760477634563161,0.6277550601801904
bkbc_37,0,0.3385215997695923,0.5964032411575317,0.629348635673523,0.5399514436587357,0.9873298605176052,0.30091106914044113,0.5379682874972723
bkbc_38,1,0.9243577718734741,0.8532333374023438,0.8510022759437561,0.8982879246955017,0.8920090333988837,0.6520778198858131,0.8372097503336442
bkbc_39,1,0.874126672744751,0.3668926954269409,0.4021906554698944,0.5513449486238693,0.554202264749654,0.9462827346002785,0.517061677531113
bkbc_40,0,0.32412219047546387,0.3636173903942108,0.31917306780815125,0.5583502184389263,0.31495137367570686,0.17618202313309786,0.3924832715690257
bkbc_41,1,0.8772572875022888,0.801353931427002,0.8082540035247803,0.6481033830927707,0.414432192292752,0.9737875051891867,0.7790068006761091
bkbc_42,1,0.9873732924461365,0.9280860424041748,0.9295228123664856,0.8854941441903267,0.9488425818744332,0.9998072362648772,0.925387226450326
bkbc_43,0,0.24053090810775757,0.342504620552063,0.34291473031044006,0.36127286577072487,0.21307528365445166,0.8787914185082819,0.4290026918864729
bkbc_44,0,0.19156382977962494,0.2915578782558441,0.3105045557022095,0.3582584580846019,0.03895618797246905,0.00893575409803315,0.2727823464709388
bkbc_45,0,0.21138212084770203,0.1993785798549652,0.21019448339939117,0.3330547218459904,0.06515809620855498,0.0004024052426590356,0.21360642752557843
bkbc_46,0,0.17411033809185028,0.34971871972084045,0.2797463834285736,0.4197530041095309,0.9169071361333057,0.9872449824447834,0.45936194977874084
bkbc_47,0,0.4938245713710785,0.3996301591396332,0.39909234642982483,0.5016487706676076,0.3516058180803882,0.7033259054370843,0.4777659392480257
bkbc_48,1,0.6735002994537354,0.7083074450492859,0.7498934864997864,0.6237415685214615,0.8264109679054602,0.9795186566080994,0.7269183712682641
bkbc_49,1,0.7682386636734009,0.5171138644218445,0.4285983741283417,0.35379212131413934,0.26249343666547975,0.8168398167401024,0.49918794063989713
bkbc_50,0,0.33645981550216675,0.2739422023296356,0.242668017745018,0.2822848042777471,0.15362636347007522,0.9697234262776475,0.37722611639507897
bkbc_51,1,0.049059998244047165,0.22309823334217072,0.21765559911727905,0.19171867574873724,0.10059505788182775,0.427740284577995,0.24309996649065865
bkbc_52,0,0.2798449695110321,0.3023044168949127,0.31389719247817993,0.22607012961429293,0.06584467664136322,0.7537902440483536,0.3470234521081226
bkbc_53,0,0.31859898567199707,0.2716469168663025,0.2204357385635376,0.2541395249354352,0.002151526425594321,3.728383580772986e-05,0.21915776509751897
bkbc_54,0,0.14375130832195282,0.32217612862586975,0.346950501203537,0.24025223454887426,0.12439747889237684,0.26486760614304616,0.29033712885812774
bkbc_55,0,0.11404482275247574,0.24694456160068512,0.24563241004943848,0.26214862405266676,0.4280427564934967,0.002542576041750897,0.21499210556532952
bkbc_56,1,0.4464951455593109,0.43183931708335876,0.44781866669654846,0.5091707668838646,0.9352080555709934,0.9960198920203861,0.5431299892136575
bkbc_57,1,0.6500402092933655,0.6679812073707581,0.6147092580795288,0.6503128521652317,0.6474490573279162,0.3844894437284668,0.6134109352436985
bkbc_58,1,0.524558424949646,0.3027727007865906,0.2902798354625702,0.43107459033591305,0.02258903891321141,1.2003841456964315e-05,0.2969160570617213
bkbc_59,1,0.441990464925766,0.4254549741744995,0.4112754762172699,0.45997303764572034,0.06393049066257109,0.2403779374240592,0.40703765921785656
bkbc_60,1,0.551726222038269,0.6905741691589355,0.6635397672653198,0.6752033860402518,0.4273704511162192,0.9365665718183449,0.7193102507326342
bkbc_61,1,0.22326010465621948,0.4408309757709503,0.44661495089530945,0.2722357760362892,0.1395444355996817,0.9979644462873923,0.47114460944824815
bkbc_62,0,0.020113687962293625,0.10352326929569244,0.08793047815561295,0.124252999859124,0.020604048975380585,0.0003702422648079237,0.09281269408454831
bkbc_63,0,0.6462926864624023,0.740513801574707,0.7300711274147034,0.5256521211350962,0.45551749949235726,0.03380787511089136,0.5644990539652588
bkbc_64,0,0.7131090760231018,0.5471165776252747,0.4501330256462097,0.443862050276521,0.06652197156663123,2.9045435316896256e-05,0.42037397280769195
bkbc_65,0,0.02966362051665783,0.11861377209424973,0.11234066635370255,0.14602236258764217,0.010371420590811666,6.491152462113064e-05,0.10884941927782535
bkbc_66,1,0.1837599128484726,0.6219414472579956,0.6157737374305725,0.6047492551840941,0.7659478272003425,0.9983207939660297,0.6721567226212615
bkbc_67,1,0.07047394663095474,0.23576626181602478,0.2572433352470398,0.20180399579298405,0.08691884933921008,0.010222429444622259,0.19364401064466316
bkbc_68,0,0.5186708569526672,0.5200748443603516,0.5069923996925354,0.44264352650977934,0.15363096809176263,0.0015114290746816048,0.41594241699518003
bkbc_69,0,0.17009219527244568,0.09112365543842316,0.10465570539236069,0.24168577074963007,0.006421232197762648,0.9092878751660051,0.26365201129161914
bkbc_70,0,0.05268041044473648,0.4370426535606384,0.4284372329711914,0.27856440787579767,0.49588554241518723,0.21487886358411082,0.3519723959742766
bkbc_71,0,0.06377102434635162,0.24672521650791168,0.24651338160037994,0.15943101555991102,0.0017816825814043905,6.1702873442975175e-09,0.18175687046500402
bkbc_72,0,0.045558132231235504,0.25130581855773926,0.23480506241321564,0.22673851192899683,0.11023726473180911,0.9991835886114292,0.35364585520725234
bkbc_73,1,0.7520284652709961,0.7379621863365173,0.7249371409416199,0.6315408666878451,0.32467265433089854,0.3489443051438324,0.6439916764226519
bkbc_74,1,0.28475305438041687,0.19779664278030396,0.20230472087860107,0.15842600852120403,0.010258959398267448,0.04999277542310723,0.16356842908560812
bkbc_75,1,0.8324333429336548,0.8674421310424805,0.8740400671958923,0.8293059194468353,0.8578120631095949,0.2784528182573102,0.7676818987525078
bkbc_76,1,0.697074294090271,0.8495550155639648,0.8453819751739502,0.8256608762839484,0.8164105708859545,0.8726017311462156,0.8448651334848953
bkbc_77,0,0.6862642765045166,0.562656044960022,0.5642490983009338,0.49047549890716347,0.15720188715193006,0.04220754451406247,0.4616821615571227
bkbc_78,0,0.7804238796234131,0.4110632836818695,0.4712527394294739,0.4634265563153574,0.7972437069983891,0.7546807552150546,0.4865848863442759
bkbc_79,1,0.2839069366455078,0.298668771982193,0.29763489961624146,0.1807713358266178,0.027606732293933834,0.07091152498904947,0.2266539406795232
bkbc_80,1,0.9107758402824402,0.9440917372703552,0.9470802545547485,0.9660595434074706,0.9981493392484265,0.9966350115719287,0.9593615484535953
bkbc_81,1,0.14787377417087555,0.19054444134235382,0.16550013422966003,0.2279396393804003,0.239503644920275,0.8102249683557062,0.2924576669130083
bkbc_82,1,0.8088085651397705,0.8672489523887634,0.8919427990913391,0.7982358046207483,0.9970085919821662,0.9993160728025139,0.8679380747693702
bkbc_83,0,0.24420474469661713,0.6373141407966614,0.6581047177314758,0.48074484470883877,0.46069317852221786,0.0795397514317219,0.506040676875995
bkbc_84,0,0.042115844786167145,0.09723251312971115,0.09451068937778473,0.14006552227968316,0.013888121483851759,0.0002158857655343874,0.09605996310284452
bkbc_85,0,0.1888503134250641,0.3580946922302246,0.32939690351486206,0.41638525189269465,0.1565879560080471,0.6627893328680672,0.41900813277204785
bkbc_86,0,0.3441842198371887,0.622395396232605,0.6138418316841125,0.5680560500897691,0.31075768478637544,0.8031672052406352,0.631096149072283
bkbc_87,0,0.7039040327072144,0.47327935695648193,0.45718303322792053,0.45942841234229553,0.5850624611314831,0.0270667928520746,0.39998361121685383
bkbc_88,0,0.5235070586204529,0.22945845127105713,0.24906574189662933,0.2989245133326517,0.09437177494587962,0.00030931001866353174,0.219668094817977
bkbc_89,1,0.9762543439865112,0.9485978484153748,0.9507867693901062,0.9550834164784954,0.9986609595804069,0.999992424570849,0.9586450871358623
bkbc_90,0,0.04563666507601738,0.19859498739242554,0.22839802503585815,0.23225788990518462,0.47501093688230533,0.03765364026198782,0.1888022786441547
bkbc_91,0,0.3200307786464691,0.4888061583042145,0.5076903700828552,0.5449872056663205,0.7095921764116149,0.026825757957108596,0.4397531388214594
bkbc_92,1,0.383765310049057,0.42845574021339417,0.4546539783477783,0.6739607720241282,0.9582930022210782,0.9971827454813049,0.5954701897591418
bkbc_93,0,0.5148307085037231,0.5312297940254211,0.5626264810562134,0.5779356909516379,0.7785643240713114,0.2318662873625124,0.5050387574860692
bkbc_94,1,0.9129772186279297,0.66583251953125,0.647720217704773,0.6628216888439216,0.9471960753939843,0.8402833732446482,0.6888632055491373
bkbc_95,1,0.9407869577407837,0.9386653304100037,0.9374729990959167,0.9193341373614418,0.9984140817996952,0.9999995950614112,0.9415364085744846
bkbc_96,0,0.11280570924282074,0.25579869747161865,0.25267794728279114,0.21346503254767282,0.04656453475052628,0.0001701349281686614,0.20353315029177918
bkbc_97,0,0.22620320320129395,0.38832351565361023,0.3699347972869873,0.41010273942353453,0.06719057918030173,0.0002985948907023736,0.33488248294155504
bkbc_98,1,0.5099765658378601,0.37504997849464417,0.34845083951950073,0.34110583151394674,0.6188914219709672,0.24720013731663223,0.34181847860710196
bkbc_99,1,0.670559287071228,0.27522873878479004,0.2847118377685547,0.4657300826297726,0.6215786440475468,0.8807007063201293,0.42814793582353705
bkbc_100,1,0.8903891444206238,0.792169988155365,0.8102526664733887,0.7600746720578067,0.6978026882597236,0.9889451882762987,0.8135856884204492
bkbc_101,0,0.4390016794204712,0.2697712779045105,0.29123419523239136,0.3915407630686592,0.199860122234412,0.05647784844045796,0.2793190488167759
bkbc_102,0,0.4933474659919739,0.4310343563556671,0.4355921745300293,0.4314357359367418,0.2751430591368675,0.9331767060178893,0.5070310884518678
bkbc_103,0,0.5265701413154602,0.4586050808429718,0.4449410140514374,0.46113273389343595,0.7278113175280999,0.7808275038660177,0.506107605257593
bkbc_104,0,0.04972505196928978,0.12062562257051468,0.1081533432006836,0.2724502189280429,0.1469901425721817,6.770381851539851e-06,0.1496199920522445
bkbc_105,1,0.9715761542320251,0.8941436409950256,0.8952870965003967,0.8753342242988884,0.9880574558438215,0.9620423823170465,0.8984466535112094
bkbc_106,1,0.6864137053489685,0.526200532913208,0.5762032866477966,0.513556617110826,0.7587088657639465,0.9914506074901968,0.5979423214911448
bkbc_107,1,0.773505449295044,0.7366318702697754,0.7284729480743408,0.7702246381704387,0.9825856504940806,0.7446925789933434,0.7476115916430708
bkbc_108,0,0.7151191234588623,0.2934419810771942,0.31869420409202576,0.41180605115272334,0.07792955233031525,0.014498191863409999,0.2925071818810757
bkbc_109,0,0.08832612633705139,0.08138206601142883,0.07613711059093475,0.19309132242932403,0.025687192842060228,0.8653082743989579,0.23408856467282535
bkbc_110,1,0.8791487812995911,0.8812557458877563,0.8737576603889465,0.7856237091284254,0.5565634208890651,0.2814602332057275,0.759784396962609
bkbc_111,1,0.2987914979457855,0.4264489710330963,0.4375355839729309,0.3962289568308604,0.3395656190839589,0.904837867989795,0.48986729458466577
bkbc_112,1,0.841079592704773,0.9087525010108948,0.9118605256080627,0.9520112315461347,0.9996676359398473,0.9999976655214705,0.936655032410418
bkbc_113,1,0.7584061026573181,0.7102435231208801,0.7387984991073608,0.5756982461372097,0.8046426634959464,0.0026235788031420664,0.5644726399568225
bkbc_114,1,0.07381659001111984,0.34058552980422974,0.3152902126312256,0.13798152607023803,0.11213294022097466,7.480043883865471e-08,0.22162899229802324
bkbc_115,0,0.0415053516626358,0.07721087336540222,0.08147704601287842,0.20323337925665852,0.055583844576923495,0.0008580052629432523,0.10659708575293253
bkbc_116,1,0.8762027025222778,0.6904617547988892,0.653935968875885,0.6876821774778477,0.5289958379722728,0.9566414723321872,0.72511615337539
bkbc_117,1,0.2520832419395447,0.23232409358024597,0.18547119200229645,0.4013794777776601,0.4637597549780773,0.2085005338636926,0.27722593437658155
bkbc_118,0,0.7671171426773071,0.679428219795227,0.7063763737678528,0.6552273285654393,0.805494758196428,0.9301164625581219,0.7125209494928442
bkbc_119,0,0.03391595557332039,0.08672273904085159,0.0789036676287651,0.18629193294547003,0.0845762263195619,0.21821681315634917,0.13737070363820375
bkbc_120,0,0.07694847136735916,0.17794576287269592,0.17419801652431488,0.25143084294512846,0.42652178896064136,0.6555699209164723,0.2726548826406351
bkbc_121,0,0.7760736346244812,0.6403511762619019,0.6873365044593811,0.4951233545372198,0.8341668274760151,0.9933499927549797,0.6524663351676627
bkbc_122,1,0.9611851572990417,0.9345594048500061,0.937012255191803,0.9818723033288633,0.997441165037472,0.9716193637341125,0.9555528682368719
bkbc_123,0,0.7271936535835266,0.7787770628929138,0.779355525970459,0.762720112191356,0.39314188626447144,8.926951779761681e-05,0.6569050852314534
bkbc_124,1,0.9413710236549377,0.8330227136611938,0.816072940826416,0.7613599279282354,0.6812949582065828,0.9985947878065935,0.8328924606082837
bkbc_125,0,0.2152746170759201,0.34783676266670227,0.34179529547691345,0.43062818694845045,0.8716426258228241,0.9870342864376577,0.4694846709397303
bkbc_126,1,0.9113464951515198,0.8708845973014832,0.8890106678009033,0.8732798494203994,0.9901988709987158,0.9999969269160937,0.8931930558816583
bkbc_127,1,0.9457157254219055,0.7361504435539246,0.7113614678382874,0.6957664311493701,0.9712537734355186,0.11705503482902305,0.6273885711898555
bkbc_128,1,0.4819994270801544,0.4105944037437439,0.43401145935058594,0.461490206132062,0.6706520236903996,0.44498441799762034,0.4348496093189082
bkbc_129,0,0.10343285650014877,0.5488322377204895,0.5026947259902954,0.40091477701662426,0.6112554496901227,0.02613038593646166,0.41755687112002515
bkbc_130,0,0.18584421277046204,0.21815402805805206,0.22184506058692932,0.33225886265403637,0.05804210773103529,0.0004406509239588086,0.22245349246211832
bkbc_131,0,0.14094042778015137,0.14974366128444672,0.16292448341846466,0.16930313760603358,0.22836443571956808,0.006767895195923175,0.13613802745015816
bkbc_132,0,0.3016301989555359,0.24611833691596985,0.24240361154079437,0.19136621727410613,0.3522042348295217,0.9999999187726439,0.34123412886405347
bkbc_133,1,0.6517548561096191,0.7085385322570801,0.6985302567481995,0.5417393403781312,0.5000287241440814,0.41994420176194347,0.6106726482204803
bkbc_134,1,0.22873800992965698,0.4983844757080078,0.49652600288391113,0.5570235829738688,0.9847563494795657,0.9999769857454213,0.5921648497998037
bkbc_135,1,0.5130575895309448,0.645199716091156,0.6668325662612915,0.6614809670199969,0.8263419053886419,0.5129723465631535,0.6331715529796009
bkbc_136,1,0.7472309470176697,0.740984320640564,0.7747401595115662,0.7517203710121784,0.6136617477837686,0.9980517061499058,0.7870306652504021
bkbc_137,0,0.38749170303344727,0.3415050208568573,0.33951953053474426,0.32447897695412414,0.4514167325263183,0.9793648390448033,0.431497400697521
bkbc_138,1,0.10068278014659882,0.28410714864730835,0.26386505365371704,0.2248843960784773,0.1962414624111419,0.24225918672064228,0.2564496221370515
bkbc_139,0,0.022208450362086296,0.09255244582891464,0.08004112541675568,0.12715032269437818,0.031062081450820126,0.011250523885143124,0.08992711968483816
bkbc_140,1,0.902829110622406,0.9295985698699951,0.9261195063591003,0.8902950044936558,0.9953901258502434,0.9901268732666908,0.9256831868377635
bkbc_141,1,0.5325308442115784,0.4820058345794678,0.448618084192276,0.4562181312634992,0.8929851232277385,0.918234316637206,0.5351815117805555
bkbc_142,0,0.30061134696006775,0.11567231267690659,0.13789257407188416,0.27321504995539697,0.6640491257577784,0.11757214628694136,0.16903739501492604
bkbc_143,1,0.6612168550491333,0.47672560811042786,0.4475409984588623,0.23563496392985686,0.1933056386847656,0.9998226888781374,0.4745390109296137
bkbc_144,0,0.04281159117817879,0.1798809915781021,0.16633887588977814,0.2995415080120361,0.3970038699323658,0.032212147580398,0.1943969763547065
bkbc_145,0,0.9704917073249817,0.8485764861106873,0.8487521409988403,0.8100907945468007,0.84423950836603,0.9231616054680735,0.8474699113004297
bkbc_146,1,0.6194452047348022,0.5171513557434082,0.5170806646347046,0.44448706215100214,0.05960345799336915,0.16310791587483686,0.4407837828805081
bkbc_147,1,0.8477551937103271,0.8484920263290405,0.8593488931655884,0.8088024869026275,0.6991856685185472,0.26412014904571013,0.7494384161404746
bkbc_148,0,0.7645413875579834,0.5010690689086914,0.49207043647766113,0.7204925960178242,0.5411648272739886,0.02032798093812636,0.4980935984963055
bkbc_149,0,0.9566089510917664,0.9496301412582397,0.9521055817604065,0.9248927309054613,0.9965664688323319,0.9999986195047963,0.9495664945425942
bkbc_150,0,0.4118333160877228,0.37439796328544617,0.3887912333011627,0.47100341672682433,0.09681981997154918,0.5090914097988859,0.42724291776558915
bkbc_151,0,0.21746103465557098,0.2817538380622864,0.2750180661678314,0.16920349068679888,0.018565886761099704,0.0012875571516421794,0.20285949213819918
bkbc_152,1,0.7226283550262451,0.8327556848526001,0.8433833718299866,0.895958407943197,0.9695347278548794,0.8471257360500904,0.856411386358501
bkbc_153,1,0.9843931794166565,0.8776172399520874,0.8785820007324219,0.9509260018105153,0.999541180999979,0.9987667932569853,0.9193642480361591
bkbc_154,0,0.6159798502922058,0.5117097496986389,0.5034980773925781,0.5626232003169034,0.5197362445246781,0.9986788922060498,0.6000620245958679
bkbc_155,0,0.3211060166358948,0.46362677216529846,0.44380632042884827,0.7009092990087584,0.7026684152043348,0.7181058020212931,0.5753505810252308
bkbc_156,0,0.4354622960090637,0.638929009437561,0.6016649603843689,0.4327255108030649,0.07190380958011301,0.6893667386973312,0.5760378633771048
bkbc_157,0,0.1821547895669937,0.3143252432346344,0.2876715362071991,0.49988376319658134,0.3750503865865012,0.001117654387199345,0.32352438645204995
bkbc_158,1,0.7747762203216553,0.9281810522079468,0.9294115900993347,0.8339668791487356,0.5828654805483111,0.8553936101503585,0.8872620650673274
bkbc_159,0,0.5048288702964783,0.22940458357334137,0.2266644835472107,0.1872344883481217,0.014152142882856494,0.0009306875037358097,0.18131025668769457
bkbc_160,1,0.8518671989440918,0.9042564630508423,0.9059377908706665,0.881003518264124,0.9836802309563081,0.9999940344177312,0.9113779157625047
bkbc_161,0,0.1459641456604004,0.24869053065776825,0.24838852882385254,0.33235847825417186,0.2769876634390901,0.0023927479842004956,0.23848336626751232
bkbc_162,0,0.06693366914987564,0.252733051776886,0.24194994568824768,0.15982027842302896,0.4243571607551189,0.9418481566755018,0.3250742573078075
bkbc_163,0,0.5353425145149231,0.31137681007385254,0.3254880905151367,0.47836196559811933,0.5057197515614392,0.6881134866212518,0.4230159149766819
bkbc_164,0,0.5529425144195557,0.5156600475311279,0.505059003829956,0.6182050789223489,0.21286646468384593,0.058370835067649035,0.4786089504626561
bkbc_165,1,0.85041743516922,0.8814519643783569,0.895177960395813,0.8297520319252649,0.9633223687438269,0.3282106560875539,0.7835689092718418
bkbc_166,0,0.4341842532157898,0.5235745310783386,0.4750455915927887,0.4222950523129952,0.29096276235438256,0.5907766643827292,0.4954219451308213
bkbc_167,1,0.8236086964607239,0.6252193450927734,0.5853021740913391,0.5926923748868588,0.038342603405667405,9.204339496271127e-05,0.516251558852037
bkbc_168,1,0.9539444446563721,0.8136032223701477,0.8119798898696899,0.8169058451298244,0.8902605656203555,0.9975495976940625,0.8420572180517765
bkbc_169,1,0.8504133224487305,0.8882750272750854,0.8857617974281311,0.8716713008511038,0.9120006794643359,0.9937537621825923,0.8984820574739028
bkbc_170,0,0.5730845928192139,0.6222366094589233,0.6084858775138855,0.7059714315690316,0.4338212945442433,0.00027941474674028383,0.554088085493926
bkbc_171,0,0.06773753464221954,0.11345599591732025,0.11979185789823532,0.17529090266386665,0.1362966274485083,7.337887162528994e-05,0.11699607695707065
bkbc_172,0,0.11847032606601715,0.2381155788898468,0.25412559509277344,0.21954176018306046,0.026239670312869078,0.0011712241023652784,0.19855150562990415
bkbc_173,1,0.1226814016699791,0.2988051176071167,0.29714152216911316,0.1910484517162517,0.023682888228291687,0.08983845072090293,0.2327783530365474
bkbc_174,0,0.13353295624256134,0.5527346134185791,0.5222504734992981,0.5008587605508742,0.9486743570148127,0.7368832472110345,0.5600985387794681
bkbc_175,1,0.5410065650939941,0.48316583037376404,0.47877493500709534,0.3932881387562722,0.7121989751987735,0.9155860303146844,0.5187410916033045
bkbc_176,1,0.8328821063041687,0.8276037573814392,0.8282386660575867,0.7065918050199473,0.9546165107776412,0.9991035318086907,0.8146810878309872
bkbc_177,1,0.5796818137168884,0.5622649192810059,0.558294415473938,0.5169893759198572,0.41620540425518987,0.9940060999005624,0.6120614620415236
bkbc_178,1,0.9466462135314941,0.7769418954849243,0.7833616137504578,0.6969185806593537,0.5913777412900666,0.013145762312081307,0.6375353809566793
bkbc_179,0,0.7465906143188477,0.7662829160690308,0.7546476125717163,0.6174499043167495,0.05445388812472432,0.02752589192686214,0.6064465622672978
bkbc_180,1,0.31228846311569214,0.49861380457878113,0.47558555006980896,0.5858866559370989,0.3564386306317661,0.8182005025424901,0.5717157311669224
bkbc_181,1,0.22611476480960846,0.25503671169281006,0.305169016122818,0.3799132804435896,0.289675017941217,0.06397699870911493,0.2723541332771062
bkbc_182,1,0.19722667336463928,0.6358414888381958,0.6333965063095093,0.4983467502557905,0.47559266569480985,0.9714491095607027,0.6418909176967598
bkbc_183,1,0.6017038822174072,0.3815982937812805,0.41031399369239807,0.4662360468157985,0.9708409731186836,0.9968330164184502,0.5044134671372358
bkbc_184,0,0.6447961330413818,0.6008731722831726,0.6044348478317261,0.5369144569992103,0.32049898175843466,0.8665855749781017,0.6206906448623705
bkbc_185,0,0.024616936221718788,0.07031846791505814,0.07238644361495972,0.10489237918810287,0.06969106974045007,0.053898354219904215,0.07916725955214755
bkbc_186,1,0.2980518341064453,0.45252206921577454,0.4423542618751526,0.3885998692867528,0.5314922560334996,0.11964037938591783,0.38091457488313446
bkbc_187,1,0.8654097318649292,0.8764637112617493,0.8830561637878418,0.8822051822300219,0.9310140650304465,0.9897935357875572,0.8960915499535986
bkbc_188,0,0.07108084857463837,0.13708922266960144,0.16525110602378845,0.17822903806282087,0.09253395590874537,0.0862649832476597,0.14600975368464283
bkbc_189,0,0.21359840035438538,0.23757585883140564,0.21380554139614105,0.32019116868198266,0.12960514061701103,0.0003222239385102195,0.22557227465742422
bkbc_190,0,0.12810711562633514,0.27890482544898987,0.2593943476676941,0.17680249156596373,0.07609717591192147,0.01058114306242771,0.20364226891468168
bkbc_191,0,0.20024742186069489,0.28856420516967773,0.26706960797309875,0.38676615240612344,0.6715072370599477,0.18357688410015588,0.30166137846132257
bkbc_192,0,0.39477917551994324,0.4509690999984741,0.4706401824951172,0.4286694348311862,0.4179569718049121,0.6791949922240976,0.48042762087838264
bkbc_193,1,0.9753754138946533,0.8594553470611572,0.8537817597389221,0.8070279421484352,0.9626977925835521,0.9999228132954532,0.8630678669455623
bkbc_194,1,0.33397209644317627,0.6130747199058533,0.6161725521087646,0.6160671475595438,0.610443799178779,0.001803043712516637,0.5227132851903832
bkbc_195,0,0.22676295042037964,0.41420212388038635,0.4230342209339142,0.44155915694580394,0.35559500872234434,0.11875499221627785,0.37969915635812707
bkbc_196,0,0.5312262177467346,0.522883951663971,0.5236441493034363,0.5109282223672136,0.5083603961399061,0.04656697789413007,0.4477017959402683
bkbc_197,0,0.11162371933460236,0.22001083195209503,0.24155870079994202,0.20711745893893177,0.10524788244799274,0.16951662674894097,0.2108965660691513
bkbc_198,1,0.4079569876194,0.3483356535434723,0.3244185447692871,0.3702933551963809,0.2408003502636887,0.04083654010168579,0.3063671980032328
bkbc_199,1,0.9544098377227783,0.912220299243927,0.912400484085083,0.8566793945679968,0.5953288563299126,0.09775151175625056,0.7722985138054166
bkbc_200,1,0.12260136753320694,0.15011730790138245,0.18469588458538055,0.2055299680290104,0.06287995017742835,0.0015772033618974264,0.1497177726633804
bkbc_201,1,0.15205004811286926,0.37475964426994324,0.32966580986976624,0.2668242208012858,0.010618303171206687,0.013251937494339457,0.28058289261561103
bkbc_202,1,0.8222314715385437,0.6942665576934814,0.6993348002433777,0.6919155266877721,0.5908243622356407,0.9881505285723777,0.7382050125094765
bkbc_203,1,0.6329399943351746,0.7365680932998657,0.7739571928977966,0.706530269621339,0.9600649702976882,0.9957766923649055,0.7703239715342448
bkbc_204,0,0.43039780855178833,0.3763786554336548,0.36976394057273865,0.25703600547710126,0.017650335280116915,4.292236387450565e-08,0.28093844978755406
bkbc_205,1,0.3652302324771881,0.3176414966583252,0.3295865058898926,0.28197004254173,0.587739663508225,0.9655798194529246,0.4048507808679927
bkbc_206,0,0.8491143584251404,0.40399760007858276,0.37467387318611145,0.5126445859108071,0.8105600889454537,0.8950245434321322,0.5088998298208304
bkbc_207,0,0.5092729330062866,0.35699066519737244,0.3951330780982971,0.41043242866084906,0.23240060575626076,0.20138058233501613,0.35532760662444246
bkbc_208,0,0.4136408865451813,0.6626668572425842,0.6675664782524109,0.7667890203820716,0.9685202241393073,0.0472889973390273,0.6042672249828658
bkbc_209,0,0.1012706458568573,0.08017739653587341,0.09387539327144623,0.11631053959933828,0.03085126742487872,0.08551261625594704,0.09418404488246195
bkbc_210,1,0.9199522137641907,0.7419366836547852,0.7195239663124084,0.869985556902097,0.8997009338704864,0.9529379289720182,0.8118729838104247
bkbc_211,0,0.04003451019525528,0.14887866377830505,0.1608971655368805,0.1440941388208338,0.028386648041600116,0.001330575496175563,0.12665762276062387
bkbc_212,0,0.7635633945465088,0.3290282189846039,0.299259752035141,0.5283075129695884,0.4842264283284399,0.879434559882203,0.4717863281605032
bkbc_213,0,0.19808226823806763,0.5301912426948547,0.48931872844696045,0.48651912265021946,0.8878808021701554,0.8906360196876145,0.5653781791197381
bkbc_214,1,0.4896477460861206,0.7016398310661316,0.6900407075881958,0.7428990240306484,0.8790173206180639,0.4390404718979101,0.6740609741221915
bkbc_215,0,0.2594279944896698,0.3016754984855652,0.316351056098938,0.31815856517564,0.6801019614893805,0.8690815387127365,0.39382205277406956
bkbc_216,0,0.973499596118927,0.9053045511245728,0.9088621735572815,0.7429476671836873,0.7231429441407572,0.1292516176452432,0.737369322933515
bkbc_217,1,0.4281173348426819,0.27696114778518677,0.26181501150131226,0.30800655535341803,0.5140646185840329,0.6086252051400389,0.3348277504561836
bkbc_218,0,0.14517906308174133,0.31802815198898315,0.378933846950531,0.3045418254923816,0.3632769426106123,0.22792118352673835,0.3075051656361197
bkbc_219,1,0.2750406861305237,0.5953409075737,0.5514222979545593,0.6411597229036361,0.5125567273543125,0.9998974050108765,0.6654161699405591
bkbc_220,0,0.17231543362140656,0.11738447099924088,0.10361143201589584,0.20434461521710304,0.25925953084780107,0.00041259713674276865,0.12601317139158066
bkbc_221,0,0.18402142822742462,0.1347242146730423,0.1411176323890686,0.20925496983946804,0.3604311675481074,0.9992744585806107,0.28902380303835695
bkbc_222,0,0.3376883268356323,0.15934325754642487,0.17473579943180084,0.2602048321719449,0.20677894775242597,0.25944350372709113,0.20848110337993633
bkbc_223,1,0.24815186858177185,0.7398573756217957,0.7229642271995544,0.6864032973900908,0.7212717706813634,0.04471241273629456,0.616453148344156
bkbc_224,1,0.9715894460678101,0.9163339734077454,0.92159503698349,0.964827462740554,0.9815518667748148,0.9999983106347576,0.9450328682073853
bkbc_225,1,0.11617377400398254,0.16421440243721008,0.19047760963439941,0.14645944585588905,0.01474437683212813,0.00039371749487667244,0.13711129845350004
bkbc_226,0,0.12747997045516968,0.11718868464231491,0.1347280591726303,0.16932922072327464,0.08644546763433503,0.0005266028112967588,0.11847906885720715
bkbc_227,1,0.4953469932079315,0.6359332203865051,0.6470178961753845,0.4937099600744638,0.22159466265096067,0.9790554812592267,0.6432202773122256
bkbc_228,0,0.58596271276474,0.48335233330726624,0.5218107104301453,0.535616952812078,0.3105042763215818,0.04102769587157531,0.43834332118819785
bkbc_229,0,0.10336006432771683,0.2852453887462616,0.3275003731250763,0.36501668509071217,0.05284284325164586,0.3656564478109709,0.32790446056164996
bkbc_230,1,0.875058114528656,0.7404675483703613,0.735450267791748,0.6234103932943559,0.05279516443294407,0.27150166398021613,0.6320623024180841
bkbc_231,0,0.19994524121284485,0.32792261242866516,0.32132431864738464,0.5384432486537859,0.1124840240076446,0.00023904567735636404,0.3453448857542538
bkbc_232,1,0.0960044413805008,0.26475438475608826,0.2832256853580475,0.2565895525418961,0.36730887858785016,0.8467783245298819,0.3516617854858509
bkbc_233,0,0.1306043416261673,0.1837012767791748,0.19479575753211975,0.17429181347278036,0.9475704580518056,0.9998329384275609,0.30444133545873986
bkbc_234,0,0.4610670208930969,0.2868039906024933,0.2705952525138855,0.2416111144544154,0.19505272103063254,0.9990984072552991,0.3772413841623963
bkbc_235,0,0.31779107451438904,0.4182780385017395,0.35868456959724426,0.670590620970875,0.9920772391615833,0.9992991091095549,0.5790200092144957
bkbc_236,1,0.5791500210762024,0.5498675107955933,0.5687315464019775,0.41011397753355766,0.7647147495228797,0.9797936593332124,0.5718989867051508
bkbc_237,1,0.6750259399414062,0.6774358153343201,0.7013638615608215,0.8227860378916452,0.9894133603642269,0.9999506048063888,0.7751964705206545
bkbc_238,0,0.47691208124160767,0.21232269704341888,0.19804424047470093,0.2149720123030022,0.07321737456624539,0.9990658676759253,0.3294685387331153
bkbc_239,1,0.17154891788959503,0.4508744776248932,0.3975798487663269,0.45408033867427555,0.7428822448791814,0.868485538882762,0.508146656886348
bkbc_240,1,0.7279863357543945,0.6644807457923889,0.6350302696228027,0.6633879067639746,0.9862880739372126,0.9957345703827031,0.7102850538514932
bkbc_241,1,0.913244366645813,0.9110686182975769,0.922193706035614,0.8488708265923945,0.794219494214433,0.9845835346337015,0.9035275729309017
bkbc_242,1,0.7487305402755737,0.6628128290176392,0.6551427841186523,0.715063344631432,0.5905884899934274,0.7902078176017365,0.697721836913789
bkbc_243,0,0.05825800821185112,0.21972250938415527,0.1668500006198883,0.2133619204973511,0.03130914084612555,4.613072174697876e-07,0.1783841126771252
bkbc_244,0,0.35240253806114197,0.3385540843009949,0.3339928686618805,0.3269955145792743,0.37994332365345723,0.16056309119028322,0.3076093471467438
bkbc_245,0,0.7154292464256287,0.6002401113510132,0.5819553732872009,0.47766604931828005,0.1389517550813775,0.0805007603120412,0.48086134027703525
bkbc_246,0,0.3618203401565552,0.29440516233444214,0.24698767066001892,0.3036606967262952,3.530725614250026e-05,3.2020401601570845e-10,0.2475160600367686
bkbc_247,0,0.7743591666221619,0.6341153383255005,0.5688720941543579,0.5894178289523183,0.04326155461212615,0.0006129358177346712,0.5169575856493802
bkbc_248,1,0.7706427574157715,0.6782280206680298,0.6843437552452087,0.5891798350076302,0.3965050878008816,0.5755481149662331,0.6350645035506939
bkbc_249,0,0.02128874696791172,0.17006856203079224,0.17938712239265442,0.19657755904544047,0.01453946204129651,0.002131345813240935,0.15447908588627043
bkbc_250,1,0.6171894073486328,0.3504563271999359,0.32846763730049133,0.4007607483098041,0.14990262771016863,0.08021991945557681,0.3233796380055065
bkbc_251,0,0.02683914266526699,0.10627038031816483,0.10666755586862564,0.1595563774653052,0.14872159542828428,0.027438041247042556,0.11154470961063671
bkbc_252,1,0.7626554369926453,0.6241725087165833,0.578139066696167,0.540040013828162,0.9595770438009908,0.999953861071985,0.6480933001631487
bkbc_253,0,0.01675489731132984,0.08651524782180786,0.07686667144298553,0.09101734829824193,0.010745748051940984,6.269913694333034e-06,0.07382174412259104
bkbc_254,1,0.7578684687614441,0.722188413143158,0.7350565791130066,0.4253135121170811,0.001994679619644394,0.839128985256159,0.6462737105481453
bkbc_255,0,0.28191572427749634,0.1406349539756775,0.12777894735336304,0.0835095302942806,0.022616722896586495,0.0003873288134443043,0.09977495382861777
bkbc_256,1,0.8563437461853027,0.547419548034668,0.5340790748596191,0.6421850587357139,0.7586324533469967,0.7573799865835571,0.6076377204603302
bkbc_257,0,0.06337511539459229,0.056620463728904724,0.05129583925008774,0.16086072207575788,0.12639669485501484,0.00048629940461724866,0.08091826681379656
bkbc_258,1,0.7188750505447388,0.6338688731193542,0.6125816702842712,0.6443232699526464,0.9570068685004433,0.4137294468453485,0.6016389018246969
bkbc_259,0,0.259804904460907,0.3984993100166321,0.39510637521743774,0.3415348931388169,0.11917930792334722,0.36648655363002447,0.3750616309818367
bkbc_260,0,0.3354431092739105,0.4419919550418854,0.41669484972953796,0.4803116700539936,0.0831382407061331,0.9375154148029864,0.5255471301724435
bkbc_261,0,0.17176346480846405,0.1297210305929184,0.13323214650154114,0.1946916548955572,0.031788074212373695,0.3352848079373386,0.18176753088046058
bkbc_262,0,0.19038745760917664,0.1923288255929947,0.20146508514881134,0.3719309988828734,0.2587570613262638,0.6749227796469061,0.3232869653005406
bkbc_263,0,0.43897074460983276,0.5501652359962463,0.5787618160247803,0.5289675673400349,0.31407642106106043,0.012000534207662802,0.46608886636139524
bkbc_264,0,0.23300714790821075,0.12419953942298889,0.11019756644964218,0.22241786010507622,0.367924670025547,0.36849566576416903,0.19059358423563225
bkbc_265,1,0.1822851151227951,0.29400625824928284,0.2715969383716583,0.1985165405561237,0.08158787597384157,0.85990461744142,0.34564518408097755
bkbc_266,1,0.9043073058128357,0.9362262487411499,0.9486251473426819,0.915360849593852,0.997446096994439,0.9939858059364045,0.9397011224254865
bkbc_267,1,0.26976072788238525,0.7514251470565796,0.7592287063598633,0.6621237695221747,0.932384489570624,0.9861357452513216,0.7589917230911754
bkbc_268,0,0.7350167036056519,0.5915974974632263,0.5767836570739746,0.7261938861456209,0.9342498069267259,0.36341048133914683,0.5986626285762704
bkbc_269,0,0.14027731120586395,0.25551027059555054,0.28260162472724915,0.13592206899063097,0.005756326204436354,0.004519408317115447,0.18284437923601482
bkbc_270,0,0.0685243085026741,0.21504919230937958,0.23237302899360657,0.19909397614932348,0.32245425734839805,0.8298718219052752,0.3042457779796532
bkbc_271,1,0.1375841349363327,0.28331923484802246,0.2578723728656769,0.27451898976618344,0.9606553479972223,0.725422181728263,0.34376497501598857
bkbc_272,0,0.11410893499851227,0.0751037448644638,0.07216396927833557,0.12604696873287718,0.03735893296779775,0.0044299439157823185,0.08045173328971848
bkbc_273,0,0.6986115574836731,0.38104248046875,0.3900948762893677,0.4045877907742374,0.6479782429749037,0.11318567860981907,0.34948474698614046
bkbc_274,1,0.8687493205070496,0.9313947558403015,0.935361921787262,0.9640256531052124,0.9998782868635167,0.9999989874844737,0.9526033376253341
bkbc_275,1,0.11997620761394501,0.2614579498767853,0.2909855246543884,0.23645205252306123,0.06049681976387901,0.00022190851657542652,0.2178139654928745
bkbc_276,1,0.7470953464508057,0.44825413823127747,0.5054099559783936,0.48865515724203,0.45260581664652,0.9991869685989918,0.5506810869995293
bkbc_277,0,0.47559815645217896,0.22757625579833984,0.24533769488334656,0.29717313608904655,0.033284209785370084,0.3708544733682125,0.2734703628170477
bkbc_278,0,0.9723818302154541,0.9269555807113647,0.9314845204353333,0.9283307728093226,0.8638904954684115,0.9902944934219687,0.9374399518561781
bkbc_279,0,0.7626033425331116,0.6014906764030457,0.6208636164665222,0.7124885612696011,0.9999430816092788,0.9782918157515009,0.6958549232702289
bkbc_280,0,0.06273575872182846,0.1151079386472702,0.10786223411560059,0.20958724037793675,0.3946959071013523,0.8160608400873961,0.24961476587330203
bkbc_281,0,0.9574721455574036,0.9101869463920593,0.9075419306755066,0.933857949916237,0.980449068105786,0.9999969324282951,0.9309157635392452
bkbc_282,1,0.25321847200393677,0.2722415626049042,0.246072456240654,0.3954193399642828,0.21110589793582818,0.3996253028018318,0.32762571962573445
bkbc_283,1,0.9147278666496277,0.9258575439453125,0.9196658730506897,0.9449412672304901,0.8167744688421571,0.17028798054092092,0.8178859003785559
bkbc_284,0,0.2666522264480591,0.27557656168937683,0.24065029621124268,0.26152188515452673,0.29960842723846143,0.1262123504703325,0.24448328165799205
bkbc_285,0,0.2227809876203537,0.204515740275383,0.20804138481616974,0.18949318172465626,0.03276615306822329,0.11727496733719125,0.1870454829433161
bkbc_286,1,0.47827500104904175,0.5884808301925659,0.6128971576690674,0.571155673259744,0.48557377810575897,0.05189469115483979,0.5053788184155842
bkbc_287,0,0.5320755839347839,0.5816305875778198,0.5569297075271606,0.40415014111810726,0.5350762259525296,0.03305192319504917,0.4395859394472171
bkbc_288,0,0.03709150478243828,0.08702490478754044,0.07863173633813858,0.07902871906078643,0.002665541424917268,0.022615791059656644,0.07379757808186836
bkbc_289,1,0.8846538662910461,0.9220743179321289,0.9114475846290588,0.9070362755150381,0.8383027509015748,0.9997189472998697,0.9276336307674525
bkbc_290,1,0.5879490971565247,0.5186862349510193,0.4893054664134979,0.4935745238557983,0.794679495856031,0.9964670002209514,0.5787919099665358
bkbc_291,0,0.2646106481552124,0.28086593747138977,0.2984688878059387,0.41989978652269405,0.3556070266359561,0.3691664224380989,0.34071419595295943
bkbc_292,0,0.35964730381965637,0.37470340728759766,0.37670275568962097,0.37933627202307596,0.16480317096085895,0.9334380030526804,0.4602360351759559
bkbc_293,0,0.10003925114870071,0.2262457013130188,0.26749226450920105,0.3183004435556348,0.07554534468460129,0.8718997572924582,0.3575009148111137
bkbc_294,0,0.7236933708190918,0.8388285636901855,0.8506618738174438,0.7180698596032881,0.7549113338638731,0.1518282058881491,0.6985557219273438
bkbc_295,0,0.5013130903244019,0.37298935651779175,0.3876665532588959,0.3669962952998802,0.2852129006541135,0.8857929981581435,0.44975338678304533
bkbc_296,0,0.15652962028980255,0.10612039268016815,0.10686837136745453,0.24446132902727624,0.028347613542480478,0.8407415139346957,0.2606724179418962
bkbc_297,1,0.8585193753242493,0.6649110317230225,0.6970253586769104,0.6350374220125898,0.6450111816167412,0.09956751117221449,0.5744036677675294
bkbc_298,1,0.08581512421369553,0.15235942602157593,0.14789113402366638,0.14273113885969807,0.4473939332738936,0.0097239567216829,0.12734685869504192
bkbc_299,1,0.35757383704185486,0.1736549437046051,0.1596941351890564,0.20626972841513405,0.3841295142240682,0.999732144131706,0.30632795785417366
bkbc_300,0,0.11881115287542343,0.16829480230808258,0.16548210382461548,0.16873426688546794,0.16185963230335965,0.0001430009154325064,0.14287513694593235
bkbc_301,0,0.37052637338638306,0.3071012496948242,0.3370301127433777,0.5162928690467092,0.377506614505347,0.012350708731500393,0.33342145030875525
bkbc_302,0,0.7965662479400635,0.4821619987487793,0.498885840177536,0.5525377905929342,0.09290954416829418,0.0009420802168193375,0.43450612533056565
bkbc_303,0,0.5818896293640137,0.4256279766559601,0.4254768490791321,0.48235502338372127,0.25564102234044195,0.102158729406355,0.3952421092121835
bkbc_304,0,0.11750546842813492,0.15161974728107452,0.17119625210762024,0.3207978998909093,0.37271062833274404,0.2531032525597477,0.2233284624872081
bkbc_305,0,0.10070521384477615,0.16687430441379547,0.15092647075653076,0.17322775910872287,0.14947085559530002,7.75855287463743e-06,0.14196368799816234
bkbc_306,0,0.1222706064581871,0.20374225080013275,0.2063317894935608,0.36168174883818094,0.47542413533984806,0.0017300456623835097,0.22429180404485713
bkbc_307,1,0.5368292927742004,0.4746769666671753,0.47638097405433655,0.5104192696255553,0.9542316965519059,0.9999551838026304,0.5651107170706344
bkbc_308,1,0.9040875434875488,0.881081223487854,0.8897528648376465,0.9307131135544298,0.9157610277182813,0.6833622080046152,0.8683461729486475
bkbc_309,1,0.8570853471755981,0.2077377885580063,0.2262679636478424,0.4899954605890819,0.24404651572894076,0.09877284005749454,0.2839391223436541
bkbc_310,0,0.69588702917099,0.8407987356185913,0.854995608329773,0.7893824299718585,0.7499501723678358,0.5875917823770722,0.7880680995507507
bkbc_311,1,0.9645559191703796,0.955143392086029,0.9585998058319092,0.9884196678782575,0.9924047521036563,0.9968296967706229,0.9724595156917368
bkbc_312,0,0.38878166675567627,0.48793989419937134,0.4399290680885315,0.24601132509321832,0.1304711456934267,0.00043332260484342663,0.33163546721292236
bkbc_313,0,0.8947272896766663,0.8822360038757324,0.8843640685081482,0.7303122012315815,0.9465400706899096,0.999919350721888,0.8515282568124173
bkbc_314,0,0.14021241664886475,0.08472076058387756,0.09428561478853226,0.15338809645796186,0.0853228798843925,0.0021945005895256616,0.09546315156899031
bkbc_315,0,0.21400143206119537,0.3596244752407074,0.34113577008247375,0.49968815066341765,0.5040485341148696,0.0755926638162568,0.359621435043319
bkbc_316,0,0.8348246812820435,0.770649254322052,0.7845520377159119,0.5486342048238401,0.47550701099226567,0.13240755823275324,0.6055365180764926
bkbc_317,1,0.7835270762443542,0.8487102389335632,0.8545348644256592,0.7788239537720656,0.7743707381191707,0.9988364806375827,0.8495645189965384
bkbc_318,1,0.6795089244842529,0.4919319152832031,0.5309333205223083,0.4756383478226166,0.803634501431859,0.26645368572325695,0.4575764078905161
bkbc_319,0,0.12471573799848557,0.18627487123012543,0.19079488515853882,0.200751071231658,0.10205233813839255,0.02331911481166502,0.16700629343925635
bkbc_320,0,0.31445926427841187,0.4606885612010956,0.4473888874053955,0.5234211082556125,0.5529056996493122,0.13243257724783258,0.4299286178100675
bkbc_321,1,0.6231666207313538,0.5211166739463806,0.5027749538421631,0.661153102151344,0.8640440677420066,0.7578864154381474,0.5992427857832278
bkbc_322,0,0.374198317527771,0.38352447748184204,0.4051147699356079,0.2081442235330658,0.06094458950116759,0.03898833085699416,0.2783132093189583
bkbc_323,1,0.13664744794368744,0.36841416358947754,0.3439517617225647,0.5648021869997276,0.5560643919533914,0.5736214332081857,0.4591039332995342
bkbc_324,1,0.1790034919977188,0.16978730261325836,0.17451342940330505,0.29437396428015783,0.9815070215887773,0.9997632896115328,0.33471856761121294
bkbc_325,1,0.4185611307621002,0.2691487669944763,0.2954188585281372,0.33967036496778646,0.17878245043606614,0.00583261882499082,0.25537066710455203
bkbc_326,1,0.47293227910995483,0.3248682916164398,0.2951558232307434,0.3077443719342519,0.2590009943770862,0.01785613082857223,0.26977131699367596
bkbc_327,1,0.9677897691726685,0.9043803811073303,0.8941781520843506,0.8568221885483583,0.5447549648348062,0.002241200313676091,0.7526166148866535
bkbc_328,0,0.07739520072937012,0.1506050080060959,0.15643154084682465,0.3959572064315046,0.47663506087744345,0.6391301250627447,0.30309566300161145
bkbc_329,1,0.4643383324146271,0.5742648839950562,0.5908886790275574,0.5959160151646213,0.9479412409996152,0.9999918319295003,0.6470471435633838
bkbc_330,1,0.4471988081932068,0.5485769510269165,0.5640895366668701,0.5820781138640331,0.5241201704954657,0.9980316303896312,0.6285770353159954
bkbc_331,0,0.34104984998703003,0.2574216425418854,0.25254517793655396,0.1300321469546193,0.16650431288937095,0.9746173975764945,0.3236511914565118
bkbc_332,1,0.1997845321893692,0.16572225093841553,0.1930052638053894,0.26088173127687697,0.8073672752729175,0.9844461536377938,0.3222558315956668
bkbc_333,1,0.9394858479499817,0.9200791120529175,0.9244279861450195,0.8968679137055074,0.9799319349835174,0.99999166709644,0.9251602767293268
bkbc_334,1,0.5394997596740723,0.6329423785209656,0.6386009454727173,0.7133669289705893,0.8592835869777501,0.05138311585113202,0.5721233732985803
bkbc_335,0,0.2712264657020569,0.11019677668809891,0.13189435005187988,0.24603499665273065,0.08308099045286325,0.00013356608882259652,0.13975923429054335
bkbc_336,1,0.5965377688407898,0.22640635073184967,0.21721628308296204,0.3191847809097244,0.03881110991714459,0.007153513728087177,0.22210471472033871
bkbc_337,1,0.9217432141304016,0.9534276127815247,0.956360399723053,0.8902336465451185,0.9804398984373804,0.4724521574082202,0.8614111597128623
bkbc_338,0,0.17880189418792725,0.11230315268039703,0.12192744016647339,0.2816790474737936,0.005435660228348884,0.001502569543040299,0.15103826604200957
bkbc_339,0,0.5134787559509277,0.5246018171310425,0.5707287788391113,0.3752185008582299,0.514283932650121,0.2088446148750957,0.4349708109903187
bkbc_340,0,0.11126770824193954,0.2041149139404297,0.20188260078430176,0.16158290116510973,0.6489444082270848,0.9573121224158953,0.30321637354491177
bkbc_341,0,0.26052019000053406,0.17400199174880981,0.18645024299621582,0.19213384973267217,0.03268003157173337,0.004414848112462971,0.15585990490788246
bkbc_342,0,0.03506303206086159,0.1401711106300354,0.13345400989055634,0.12148951755234068,0.022042059955634363,0.0003323457599987356,0.11241113402593009
bkbc_343,0,0.5653030872344971,0.7190223336219788,0.76859450340271,0.5905566019042504,0.7538295730155423,0.015522632765867746,0.5783370047175768
bkbc_344,1,0.4910547733306885,0.32977673411369324,0.34467557072639465,0.42640257204073917,0.6248577977917846,0.2595065875277492,0.35194434065598046
bkbc_345,1,0.4237874746322632,0.44868752360343933,0.45372384786605835,0.4227923764006617,0.63206209004607,0.9608006851126981,0.5178224096364535
bkbc_346,0,0.1298256516456604,0.22176526486873627,0.22998693585395813,0.3278327608647803,0.3931146771945195,0.23113288516312883,0.2580986071498559
bkbc_347,1,0.07925979048013687,0.13510502874851227,0.1313670426607132,0.12887561514844995,0.0019839621008034885,0.01984133354071068,0.1153735037847862
bkbc_348,1,0.9246786832809448,0.9187501668930054,0.9193782806396484,0.9203255346743049,0.989312593198292,0.9980224882461922,0.9312205064355964
bkbc_349,0,0.14412736892700195,0.1814495474100113,0.1733236163854599,0.2782610496293862,0.05281928842673422,4.068925733424017e-05,0.18424278767436353
bkbc_350,0,0.13182944059371948,0.10181529819965363,0.10218740254640579,0.10016949619836636,0.08460140113588419,6.529455921803711e-05,0.08607079353478662
bkbc_351,1,0.2684512734413147,0.4613942503929138,0.4832938015460968,0.3128137228488667,0.4848175004467668,0.9655310116463536,0.4920969419052167
bkbc_352,1,0.7896736264228821,0.8090339303016663,0.7971948385238647,0.7821887246185872,0.7491977163233084,0.9995260725189615,0.827596594802339
bkbc_353,0,0.10819026082754135,0.19529592990875244,0.19011712074279785,0.2055225712059025,0.1892022810687642,0.4898504070821091,0.2421301695999294
bkbc_354,0,0.5137907862663269,0.32544979453086853,0.3866651654243469,0.4667633695137421,0.2178504728593196,0.2561425856138711,0.3676199016950558
bkbc_355,1,0.7210167050361633,0.6363582015037537,0.6571335196495056,0.5758728329109297,0.6202720502402166,0.9939120262066253,0.673128995436971
bkbc_356,1,0.8728989958763123,0.8201911449432373,0.8180236220359802,0.8360195391842474,0.6706258284805665,0.9146901008370566,0.8391709717355625
bkbc_357,0,0.03897150605916977,0.12718448042869568,0.12496811896562576,0.1289351131881694,0.03231305976598503,9.87294311796187e-05,0.10841585688653146
bkbc_358,1,0.40044352412223816,0.7815895080566406,0.7788621187210083,0.5740551233855348,0.3864776698089846,0.9018625371717347,0.732892172608875
bkbc_359,0,0.03422993794083595,0.07265270501375198,0.07586747407913208,0.1144308801781987,0.07799350949281325,0.00017612492732570895,0.07553600634125661
bkbc_360,1,0.5833980441093445,0.5486668348312378,0.5930328965187073,0.5661759689590221,0.022914497216838078,0.9999945406545396,0.6272928410281204
bkbc_361,1,0.6017921566963196,0.7262347340583801,0.7553501129150391,0.5348747960881125,0.7779767862833962,0.9996644839074242,0.7095078618480501
bkbc_362,1,0.2634968161582947,0.23931163549423218,0.2153192013502121,0.219978590027625,0.1590022931257701,0.5712243223292911,0.28003287187289433
bkbc_363,0,0.16529403626918793,0.2662460207939148,0.2708287239074707,0.17165726354115815,0.05280283354085937,0.00011242325904959797,0.19660750321642959
bkbc_364,0,0.02095412276685238,0.048038166016340256,0.04131942614912987,0.12268458667067991,0.008966749909771825,3.1447570422695073e-05,0.06391776407477606
bkbc_365,0,0.08406753838062286,0.11003526300191879,0.11573586612939835,0.22437652558429275,0.03855289756680869,0.0008632079485480929,0.13093273114557039
bkbc_366,0,0.6045243144035339,0.5988985300064087,0.612645149230957,0.6252270505497902,0.3747158883694133,0.12326532465163406,0.5376282700840204
bkbc_367,1,0.36611390113830566,0.6089683771133423,0.5755695700645447,0.4857712317749414,0.9481992479242425,0.8838146639531435,0.6067643767851685
bkbc_368,1,0.5875287055969238,0.6079859137535095,0.6658831238746643,0.5866187186186387,0.8294927711928082,0.9998202693838983,0.6668712298694477
bkbc_369,1,0.961539626121521,0.8666324615478516,0.8586779832839966,0.8326404408602799,0.6504924733704961,0.8580667858766856,0.853515626185491
bkbc_370,1,0.7541483640670776,0.7319225668907166,0.7285223603248596,0.6898662429662475,0.8369656245932723,0.9999211651492577,0.7582563081857648
bkbc_371,0,0.8505796790122986,0.794906735420227,0.7683939933776855,0.5664409967711448,0.2323191189879802,0.18377869162391583,0.626946963437969
bkbc_372,0,0.37081149220466614,0.3426957428455353,0.3744086027145386,0.4622644987496398,0.25809843918395803,0.7266082291868725,0.4423501608703297
bkbc_373,0,0.10797277837991714,0.14368274807929993,0.15259772539138794,0.22584917115935177,0.4090902321551286,0.9919388941689685,0.29828422265581733
bkbc_374,1,0.9603153467178345,0.8927268385887146,0.8815484642982483,0.7639671070550268,0.7453796382685499,0.9994598933771853,0.8661922778013491
bkbc_375,0,0.15276779234409332,0.40540364384651184,0.3954307436943054,0.22025376618560205,0.11848242796599467,0.34463361543436155,0.3358434307149334
bkbc_376,0,0.032920677214860916,0.2156619429588318,0.21511952579021454,0.21681030485085886,0.06325716183330961,0.03564537654583659,0.1889618437420971
bkbc_377,1,0.392650842666626,0.22835084795951843,0.23951345682144165,0.36816770782919994,0.1817370259708404,0.13167104156042247,0.2599297852213829
bkbc_378,0,0.18934643268585205,0.5112429857254028,0.5381008386611938,0.3014204035866213,0.07449645438550775,0.017141346003008835,0.37320745583492854
bkbc_379,1,0.4960012435913086,0.8392148613929749,0.8327118754386902,0.6272270078914174,0.46412852143493083,0.006237696393042423,0.6456518152079724
bkbc_380,1,0.466252863407135,0.6288841366767883,0.5614601969718933,0.4462529377524642,0.6398159733986426,0.04923021638110096,0.4754031922120641
bkbc_381,0,0.611483633518219,0.5098848342895508,0.5615686774253845,0.38886384859778345,0.0159548946437484,0.00024510607559510817,0.4009142208123919
bkbc_382,0,0.3527853190898895,0.5019204020500183,0.5219119191169739,0.43026027510734466,0.2234795125224258,0.9997109078587889,0.5560567193477131
bkbc_383,0,0.8279310464859009,0.37865105271339417,0.42499494552612305,0.40766008309029816,0.29201623028624263,0.3136682577025204,0.3837477903198998
bkbc_384,0,0.18193745613098145,0.20526373386383057,0.2182607650756836,0.23131238342403546,0.04270058779125386,0.7704638879263183,0.29993896857789165
bkbc_385,0,0.874221682548523,0.6080963015556335,0.5879306197166443,0.5958990969038526,0.1972327412978441,0.015787334179350247,0.5129269691399424
bkbc_386,0,0.7483794689178467,0.7607336640357971,0.7454230785369873,0.667809691252971,0.5688881215181625,0.14537273586150176,0.6368565832592913
bkbc_387,1,0.226669579744339,0.5092825293540955,0.45065778493881226,0.5289052565387737,0.7736901970202409,0.5013313713280041,0.5073341590194448
bkbc_388,1,0.01472754217684269,0.06757260113954544,0.0696355402469635,0.10055016620632036,0.012987536428964667,0.0003314208012750287,0.06828679760306301
bkbc_389,0,0.12121279537677765,0.19841501116752625,0.16802732646465302,0.19914258948321722,0.012385110692165921,0.007090178741163017,0.16630258920024807
bkbc_390,1,0.8702044486999512,0.9203807711601257,0.9191498160362244,0.9325078739587086,0.9912360884000211,0.9915452004754965,0.9347883938381097
bkbc_391,1,0.9778261184692383,0.860916018486023,0.8531029224395752,0.877457535386118,0.9911596406850058,0.9993273601460317,0.886033433617481
bkbc_392,0,0.7404400706291199,0.573240339756012,0.5737444162368774,0.5850214090447602,0.4181665241860477,0.9860986759529101,0.6389995215356499
bkbc_393,1,0.3335641622543335,0.6392186880111694,0.6273220181465149,0.4256868706075071,0.8049187554835382,0.893540143344976,0.6076091243583099
bkbc_394,1,0.2544526159763336,0.41742774844169617,0.43770256638526917,0.42788552562367,0.5689831111018779,0.9902629719355099,0.5091324988172286
bkbc_395,1,0.07690470665693283,0.07860607653856277,0.08463840186595917,0.08614365574670808,0.0007010791991411905,0.0014975079647576769,0.07017569563838608
bkbc_396,1,0.9054847359657288,0.9082596302032471,0.9100505709648132,0.8865474918369957,0.9616856441094436,0.9697627348037747,0.9107521245075136
bkbc_397,1,0.10550029575824738,0.24853311479091644,0.2554622292518616,0.28233651372976976,0.5829374110516273,0.21617651202369864,0.2553282057715803
bkbc_398,1,0.29472896456718445,0.4209710657596588,0.49163150787353516,0.5300060377320109,0.8683766003026168,0.9972104327654028,0.5507774148953383
bkbc_399,1,0.05941013991832733,0.19602607190608978,0.17535221576690674,0.20402698501357994,0.026789239764630966,0.03650717059040337,0.1721776661664317
bkbc_400,1,0.8217501640319824,0.48605605959892273,0.4743213355541229,0.5446790750724914,0.2906758162977778,0.01588172238732985,0.4328811070833497
bkbc_401,1,0.7752932906150818,0.845821738243103,0.8511317372322083,0.8561601881069014,0.9905794736751394,0.9992160483710887,0.8727763885974089
bkbc_402,0,0.5755234360694885,0.1506124883890152,0.12331877648830414,0.23680396180272265,0.04058321303214773,0.8269242310401279,0.27636527585098314
bkbc_403,1,0.40012863278388977,0.641732931137085,0.6658042669296265,0.4807274069875608,0.9613836113089437,0.9827543458187072,0.6442529359065856
bkbc_404,0,0.24859540164470673,0.1629694700241089,0.16047611832618713,0.20978195924595974,0.0844446334359179,0.0027328935770558906,0.1536147779042926
bkbc_405,1,0.6777964234352112,0.6695922613143921,0.6891170740127563,0.7726936932105933,0.8749213443118018,0.9941787347335939,0.7536156680578604
bkbc_406,0,0.1832631230354309,0.22659076750278473,0.21628998219966888,0.1193849231527697,0.06022008459681712,0.15902476753759998,0.1809139030796283
bkbc_407,1,0.8181502223014832,0.9055895209312439,0.9111778140068054,0.8813088994056613,0.999884412960006,0.9999997248066417,0.9126518477934346
bkbc_408,1,0.9272297620773315,0.8943949341773987,0.8969313502311707,0.8620904391724973,0.972720990941446,0.999441045422897,0.9001187823891076
bkbc_409,0,0.02900988794863224,0.12981070578098297,0.12946633994579315,0.15213514408461512,0.0976234091878215,0.9900008730935668,0.26594172723481
bkbc_410,1,0.2903689444065094,0.6284323334693909,0.6468455195426941,0.3922875427108305,0.2223991329970597,0.17708682891268,0.4873737570719413
bkbc_411,0,0.3839368224143982,0.3482908308506012,0.3224879801273346,0.3678227352724175,0.4105115989457822,0.6649992622154056,0.39895096288351106
bkbc_412,0,0.05595845729112625,0.174250066280365,0.1582176685333252,0.07360676525623318,0.006263500597020572,0.002009403682437285,0.11428422283330888
bkbc_413,0,0.40749409794807434,0.5425923466682434,0.5206689238548279,0.5723022079355475,0.43929356781481455,0.7080743376986891,0.5742909901907377
bkbc_414,0,0.19549287855625153,0.571854829788208,0.6465345025062561,0.5475234390624342,0.4764238753804096,0.0700860995547569,0.49776503594710847
bkbc_415,0,0.2752610743045807,0.500527024269104,0.5037788152694702,0.5317790812127473,0.46198537201974416,0.7976394588733708,0.5554847626017538
bkbc_416,1,0.9665572047233582,0.8917133808135986,0.8992726802825928,0.8790271409612092,0.975097422330056,0.999196394785811,0.9046833520929451
bkbc_417,1,0.7863161563873291,0.4344640374183655,0.45982471108436584,0.44685831706709817,0.18769347907149564,0.5747199414216001,0.4625118733463652
bkbc_418,1,0.8708782196044922,0.8130074143409729,0.7963963150978088,0.7627244665476558,0.8746583674138295,0.9985529533575389,0.8227553699904165
bkbc_419,0,0.08061971515417099,0.10428529977798462,0.08819197863340378,0.15198641254463166,0.20273877274051405,0.03058358629358385,0.10656320030330185
bkbc_420,0,0.03572161868214607,0.17528556287288666,0.17899614572525024,0.2715275578541159,0.43722004729871283,0.028367900785866023,0.18449062189611054
bkbc_421,1,0.9232070446014404,0.9323862195014954,0.9459875226020813,0.8966678962227992,0.9542551067329815,0.11162856429633361,0.7994748641436086
bkbc_422,1,0.9392006993293762,0.762397050857544,0.7475597858428955,0.4839133154960183,0.06342684946766762,3.179812312068875e-05,0.5571469958299344
bkbc_423,0,0.23931793868541718,0.31293222308158875,0.33548274636268616,0.5355923706746866,0.7722396283960363,0.984198115949601,0.4875794170353136
bkbc_424,0,0.17194117605686188,0.15092049539089203,0.17395180463790894,0.1622301185393912,0.007400943526940978,0.0037676275458739155,0.13523040173130108
bkbc_425,0,0.1574905961751938,0.1109585240483284,0.082423135638237,0.15532404101528788,0.0018791572413751794,0.00016288425199763502,0.10511189689909485
